Entity,Code,Year,"Alcohol, recorded per capita (15+) consumption (in litres of pure alcohol) - Beverage types: Wine"
Afghanistan,AFG,1961,0
Afghanistan,AFG,1962,0
Afghanistan,AFG,1963,0
Afghanistan,AFG,1964,0
Afghanistan,AFG,1965,0
Afghanistan,AFG,1966,0
Afghanistan,AFG,1967,0
Afghanistan,AFG,1968,0
Afghanistan,AFG,1969,0
Afghanistan,AFG,1970,0
Afghanistan,AFG,1971,0
Afghanistan,AFG,1972,0
Afghanistan,AFG,1973,0
Afghanistan,AFG,1974,0
Afghanistan,AFG,1975,0
Afghanistan,AFG,1976,0
Afghanistan,AFG,1977,0
Afghanistan,AFG,1978,0
Afghanistan,AFG,1979,0
Afghanistan,AFG,1980,0
Afghanistan,AFG,1981,0
Afghanistan,AFG,1982,0
Afghanistan,AFG,1983,0
Afghanistan,AFG,1984,0
Afghanistan,AFG,1985,0
Afghanistan,AFG,1986,0
Afghanistan,AFG,1987,0
Afghanistan,AFG,1988,0
Afghanistan,AFG,1989,0
Afghanistan,AFG,1990,0
Afghanistan,AFG,1991,0
Afghanistan,AFG,1992,0
Afghanistan,AFG,1993,0
Afghanistan,AFG,1994,0
Afghanistan,AFG,1995,0
Afghanistan,AFG,1996,0
Afghanistan,AFG,1997,0
Afghanistan,AFG,1998,0
Afghanistan,AFG,1999,0
Afghanistan,AFG,2000,0
Afghanistan,AFG,2001,0
Afghanistan,AFG,2002,0.00033
Afghanistan,AFG,2003,0.00064
Afghanistan,AFG,2004,0.00094
Afghanistan,AFG,2005,0.00323
Afghanistan,AFG,2006,0.00576
Afghanistan,AFG,2007,0.00574
Afghanistan,AFG,2008,0.00394
Afghanistan,AFG,2009,0.00162
Afghanistan,AFG,2010,0.0016
Afghanistan,AFG,2011,0.00103
Afghanistan,AFG,2012,0.00073
Afghanistan,AFG,2013,0.00069
Afghanistan,AFG,2014,0.00066
Afghanistan,AFG,2015,0.00063
Afghanistan,AFG,2016,0.00061
Afghanistan,AFG,2017,0.00059
Afghanistan,AFG,2018,0.00057
Afghanistan,AFG,2019,0.00057
Afghanistan,AFG,2020,0.00053
Albania,ALB,1962,0.28
Albania,ALB,1963,0.19
Albania,ALB,1964,0.26
Albania,ALB,1965,0.21
Albania,ALB,1966,0.13
Albania,ALB,1967,0.19
Albania,ALB,1968,0.36
Albania,ALB,1969,0.47
Albania,ALB,1970,0.51
Albania,ALB,1971,0.13
Albania,ALB,1972,0.23
Albania,ALB,1973,0.34
Albania,ALB,1974,0.19
Albania,ALB,1975,0.14
Albania,ALB,1976,0.14
Albania,ALB,1977,0.16
Albania,ALB,1978,0.3
Albania,ALB,1979,0.16
Albania,ALB,1980,0.44
Albania,ALB,1981,0.4
Albania,ALB,1982,0.2
Albania,ALB,1983,0.29
Albania,ALB,1984,0.25
Albania,ALB,1985,0.23
Albania,ALB,1986,0.24
Albania,ALB,1987,0.41
Albania,ALB,1988,0.37
Albania,ALB,1989,0.46
Albania,ALB,1990,0.65
Albania,ALB,1991,0.61
Albania,ALB,1992,0.67
Albania,ALB,1993,0.66
Albania,ALB,1994,0.68
Albania,ALB,1995,1.05
Albania,ALB,1996,1.37
Albania,ALB,1997,0.98
Albania,ALB,1998,0.62
Albania,ALB,1999,0.76
Albania,ALB,2000,0.53986
Albania,ALB,2001,0.53986
Albania,ALB,2002,0.5896
Albania,ALB,2003,0.5919
Albania,ALB,2004,0.79897
Albania,ALB,2005,0.93956
Albania,ALB,2006,1.02211
Albania,ALB,2007,1.00751
Albania,ALB,2008,1.02608
Albania,ALB,2009,1.03454
Albania,ALB,2010,1.07067
Albania,ALB,2011,1.0939
Albania,ALB,2012,1.09268
Albania,ALB,2013,1.06775
Albania,ALB,2014,1.06865
Albania,ALB,2015,1.10844
Albania,ALB,2016,1.14387
Albania,ALB,2017,1.12686
Albania,ALB,2018,1.0758
Albania,ALB,2019,1.0758
Albania,ALB,2020,1.03284
Algeria,DZA,1961,1.6
Algeria,DZA,1962,1.14
Algeria,DZA,1963,0.73
Algeria,DZA,1964,0.57
Algeria,DZA,1965,0.58
Algeria,DZA,1966,0.5
Algeria,DZA,1967,0.5
Algeria,DZA,1968,0.82
Algeria,DZA,1969,1.27
Algeria,DZA,1970,1.17
Algeria,DZA,1971,1.61
Algeria,DZA,1972,2.04
Algeria,DZA,1973,1.07
Algeria,DZA,1974,1.12
Algeria,DZA,1975,1.04
Algeria,DZA,1976,0.98
Algeria,DZA,1977,0.67
Algeria,DZA,1978,0.58
Algeria,DZA,1979,0.26
Algeria,DZA,1980,0.19
Algeria,DZA,1981,0.17
Algeria,DZA,1982,0.13
Algeria,DZA,1983,0.13
Algeria,DZA,1984,0.12
Algeria,DZA,1985,0.11
Algeria,DZA,1986,0.1
Algeria,DZA,1987,0.1
Algeria,DZA,1988,0.25
Algeria,DZA,1989,0.23
Algeria,DZA,1990,0
Algeria,DZA,1991,0
Algeria,DZA,1992,0
Algeria,DZA,1993,0
Algeria,DZA,1994,0
Algeria,DZA,1995,0
Algeria,DZA,1996,0
Algeria,DZA,1997,0
Algeria,DZA,1998,0
Algeria,DZA,1999,0
Algeria,DZA,2000,0.14193
Algeria,DZA,2001,0.14193
Algeria,DZA,2002,0.13729
Algeria,DZA,2003,0.15989
Algeria,DZA,2004,0.1604
Algeria,DZA,2005,0.17909
Algeria,DZA,2006,0.16729
Algeria,DZA,2007,0.15729
Algeria,DZA,2008,0.16237
Algeria,DZA,2009,0.15576
Algeria,DZA,2010,0.14943
Algeria,DZA,2011,0.13214
Algeria,DZA,2012,0.13851
Algeria,DZA,2013,0.14847
Algeria,DZA,2014,0.15712
Algeria,DZA,2015,0.16321
Algeria,DZA,2016,0.17296
Algeria,DZA,2017,0.18231
Algeria,DZA,2018,0.18658
Algeria,DZA,2019,0.18658
Algeria,DZA,2020,0.17989
Andorra,AND,2000,6.3996
Andorra,AND,2001,6.3996
Andorra,AND,2002,6.21871
Andorra,AND,2003,6.05198
Andorra,AND,2004,5.85043
Andorra,AND,2005,5.71834
Andorra,AND,2006,5.48
Andorra,AND,2007,5.22167
Andorra,AND,2008,4.97333
Andorra,AND,2009,4.81333
Andorra,AND,2010,4.76209
Andorra,AND,2011,4.72298
Andorra,AND,2012,4.6878
Andorra,AND,2013,4.48524
Andorra,AND,2014,4.70781
Andorra,AND,2015,4.96585
Andorra,AND,2016,5.36758
Andorra,AND,2017,5.17326
Andorra,AND,2018,5.03961
Andorra,AND,2019,5.03961
Andorra,AND,2020,4.19306
Angola,AGO,1961,3.36
Angola,AGO,1962,2.38
Angola,AGO,1963,2.93
Angola,AGO,1964,3.5
Angola,AGO,1965,4.01
Angola,AGO,1966,4.35
Angola,AGO,1967,3.87
Angola,AGO,1968,3.65
Angola,AGO,1969,3.62
Angola,AGO,1970,3.2
Angola,AGO,1971,2.37
Angola,AGO,1972,1.9
Angola,AGO,1973,1.66
Angola,AGO,1974,1.73
Angola,AGO,1975,0.8
Angola,AGO,1976,0.39
Angola,AGO,1977,0.19
Angola,AGO,1978,0.05
Angola,AGO,1979,0.22
Angola,AGO,1980,0.33
Angola,AGO,1981,0.49
Angola,AGO,1982,0.37
Angola,AGO,1983,0.52
Angola,AGO,1984,0.57
Angola,AGO,1985,0.83
Angola,AGO,1986,0.32
Angola,AGO,1987,0.24
Angola,AGO,1988,0.58
Angola,AGO,1989,0.82
Angola,AGO,1990,0.65
Angola,AGO,1991,0.78
Angola,AGO,1992,1.22
Angola,AGO,1993,0.69
Angola,AGO,1994,0.73
Angola,AGO,1995,0.56
Angola,AGO,1996,0.49
Angola,AGO,1997,0.81
Angola,AGO,1998,0.91
Angola,AGO,1999,0.39
Angola,AGO,2000,0.45539
Angola,AGO,2001,0.45539
Angola,AGO,2002,0.54797
Angola,AGO,2003,0.61181
Angola,AGO,2004,0.74297
Angola,AGO,2005,0.89651
Angola,AGO,2006,1.03443
Angola,AGO,2007,1.1351
Angola,AGO,2008,1.0421
Angola,AGO,2009,0.9521
Angola,AGO,2010,0.83212
Angola,AGO,2011,0.86309
Angola,AGO,2012,0.87857
Angola,AGO,2013,0.97262
Angola,AGO,2014,1.04008
Angola,AGO,2015,0.98409
Angola,AGO,2016,0.79828
Angola,AGO,2017,0.56614
Angola,AGO,2018,0.41118
Angola,AGO,2019,0.41118
Angola,AGO,2020,0.21592
Antigua and Barbuda,ATG,1962,0.09
Antigua and Barbuda,ATG,1963,0.1
Antigua and Barbuda,ATG,1964,0.02
Antigua and Barbuda,ATG,1965,0.01
Antigua and Barbuda,ATG,1966,0.02
Antigua and Barbuda,ATG,1967,0.03
Antigua and Barbuda,ATG,1968,0.04
Antigua and Barbuda,ATG,1969,0.03
Antigua and Barbuda,ATG,1970,0.04
Antigua and Barbuda,ATG,1971,0.03
Antigua and Barbuda,ATG,1972,0.03
Antigua and Barbuda,ATG,1973,0.07
Antigua and Barbuda,ATG,1974,0.08
Antigua and Barbuda,ATG,1975,0.05
Antigua and Barbuda,ATG,1976,0.06
Antigua and Barbuda,ATG,1977,0.2
Antigua and Barbuda,ATG,1978,0.23
Antigua and Barbuda,ATG,1979,0.22
Antigua and Barbuda,ATG,1980,0.58
Antigua and Barbuda,ATG,1981,0.85
Antigua and Barbuda,ATG,1982,0.13
Antigua and Barbuda,ATG,1983,0.26
Antigua and Barbuda,ATG,1984,0.65
Antigua and Barbuda,ATG,1985,0.26
Antigua and Barbuda,ATG,1986,0.31
Antigua and Barbuda,ATG,1987,0.34
Antigua and Barbuda,ATG,1988,0.78
Antigua and Barbuda,ATG,1989,1.3
Antigua and Barbuda,ATG,1990,1
Antigua and Barbuda,ATG,1991,1.08
Antigua and Barbuda,ATG,1992,1.12
Antigua and Barbuda,ATG,1993,1.09
Antigua and Barbuda,ATG,1994,0.93
Antigua and Barbuda,ATG,1995,0.51
Antigua and Barbuda,ATG,1996,0.52
Antigua and Barbuda,ATG,1997,0.68
Antigua and Barbuda,ATG,1998,0.64
Antigua and Barbuda,ATG,1999,0.78
Antigua and Barbuda,ATG,2000,1.01003
Antigua and Barbuda,ATG,2001,1.01003
Antigua and Barbuda,ATG,2002,0.99267
Antigua and Barbuda,ATG,2003,0.83618
Antigua and Barbuda,ATG,2004,1.01681
Antigua and Barbuda,ATG,2005,1.45933
Antigua and Barbuda,ATG,2006,1.83191
Antigua and Barbuda,ATG,2007,1.79923
Antigua and Barbuda,ATG,2008,1.50836
Antigua and Barbuda,ATG,2009,1.29163
Antigua and Barbuda,ATG,2010,1.14384
Antigua and Barbuda,ATG,2011,1.35187
Antigua and Barbuda,ATG,2012,1.95987
Antigua and Barbuda,ATG,2013,2.67071
Antigua and Barbuda,ATG,2014,2.91657
Antigua and Barbuda,ATG,2015,3.09354
Antigua and Barbuda,ATG,2016,3.37626
Antigua and Barbuda,ATG,2017,3.77252
Antigua and Barbuda,ATG,2018,3.68274
Antigua and Barbuda,ATG,2019,3.68274
Antigua and Barbuda,ATG,2020,2.35199
Argentina,ARG,1961,13.61
Argentina,ARG,1962,14.03
Argentina,ARG,1963,14.85
Argentina,ARG,1964,14.96
Argentina,ARG,1965,14.75
Argentina,ARG,1966,13.75
Argentina,ARG,1967,14.16
Argentina,ARG,1968,14.93
Argentina,ARG,1969,15.07
Argentina,ARG,1970,15.6
Argentina,ARG,1971,14.42
Argentina,ARG,1972,13.35
Argentina,ARG,1973,12.19
Argentina,ARG,1974,12.95
Argentina,ARG,1975,14.02
Argentina,ARG,1976,14.21
Argentina,ARG,1977,14.91
Argentina,ARG,1978,13.93
Argentina,ARG,1979,13.13
Argentina,ARG,1980,13.18
Argentina,ARG,1981,12.94
Argentina,ARG,1982,12.77
Argentina,ARG,1983,12.35
Argentina,ARG,1984,11.53
Argentina,ARG,1985,10.45
Argentina,ARG,1986,10.3
Argentina,ARG,1987,10.1
Argentina,ARG,1988,9.71
Argentina,ARG,1989,9.32
Argentina,ARG,1990,9.42
Argentina,ARG,1991,9.31
Argentina,ARG,1992,8.61
Argentina,ARG,1993,7.92
Argentina,ARG,1994,7.13
Argentina,ARG,1995,6.76
Argentina,ARG,1996,6.4
Argentina,ARG,1997,6.37
Argentina,ARG,1998,5.87
Argentina,ARG,1999,5.76
Argentina,ARG,2000,3.52652
Argentina,ARG,2001,3.52652
Argentina,ARG,2002,2.9835
Argentina,ARG,2003,2.60523
Argentina,ARG,2004,2.57065
Argentina,ARG,2005,2.67012
Argentina,ARG,2006,2.92757
Argentina,ARG,2007,3.08473
Argentina,ARG,2008,3.1846
Argentina,ARG,2009,3.11696
Argentina,ARG,2010,3.10326
Argentina,ARG,2011,3.27177
Argentina,ARG,2012,3.39084
Argentina,ARG,2013,3.41496
Argentina,ARG,2014,3.37621
Argentina,ARG,2015,3.24958
Argentina,ARG,2016,3.23504
Argentina,ARG,2017,3.05855
Argentina,ARG,2018,2.85896
Argentina,ARG,2019,2.85896
Argentina,ARG,2020,2.98444
Armenia,ARM,1990,2.18
Armenia,ARM,1991,2.13
Armenia,ARM,1992,1.28
Armenia,ARM,1993,1.43
Armenia,ARM,1994,1.26
Armenia,ARM,1995,0.55
Armenia,ARM,1996,0.43
Armenia,ARM,1997,0.24
Armenia,ARM,1998,0.17
Armenia,ARM,1999,0.31
Armenia,ARM,2000,0.23192
Armenia,ARM,2001,0.23192
Armenia,ARM,2002,0.20649
Armenia,ARM,2003,0.22371
Armenia,ARM,2004,0.27229
Armenia,ARM,2005,0.30279
Armenia,ARM,2006,0.2531
Armenia,ARM,2007,0.19366
Armenia,ARM,2008,0.19593
Armenia,ARM,2009,0.21536
Armenia,ARM,2010,0.26051
Armenia,ARM,2011,0.27084
Armenia,ARM,2012,0.28251
Armenia,ARM,2013,0.2492
Armenia,ARM,2014,0.23834
Armenia,ARM,2015,0.24635
Armenia,ARM,2016,0.30073
Armenia,ARM,2017,0.33815
Armenia,ARM,2018,0.38926
Armenia,ARM,2019,0.38926
Armenia,ARM,2020,0.5371
Australia,AUS,1961,0.88
Australia,AUS,1962,0.91
Australia,AUS,1963,0.96
Australia,AUS,1964,0.97
Australia,AUS,1965,1.05
Australia,AUS,1966,1.17
Australia,AUS,1967,1.3
Australia,AUS,1968,1.4
Australia,AUS,1969,1.52
Australia,AUS,1970,1.49
Australia,AUS,1971,1.51
Australia,AUS,1972,1.66
Australia,AUS,1973,1.87
Australia,AUS,1974,2.08
Australia,AUS,1975,2.18
Australia,AUS,1976,2.27
Australia,AUS,1977,2.36
Australia,AUS,1978,2.7
Australia,AUS,1979,2.83
Australia,AUS,1980,2.98
Australia,AUS,1981,3.12
Australia,AUS,1982,3.21
Australia,AUS,1983,3.3
Australia,AUS,1984,3.43
Australia,AUS,1985,3.47
Australia,AUS,1986,3.34
Australia,AUS,1987,3.31
Australia,AUS,1988,3.06
Australia,AUS,1989,2.92
Australia,AUS,1990,2.75
Australia,AUS,1991,2.87
Australia,AUS,1992,2.8
Australia,AUS,1993,2.67
Australia,AUS,1994,2.7
Australia,AUS,1995,2.66
Australia,AUS,1996,2.74
Australia,AUS,1997,2.86
Australia,AUS,1998,2.87
Australia,AUS,1999,2.94
Australia,AUS,2000,2.95667
Australia,AUS,2001,2.95667
Australia,AUS,2002,2.97333
Australia,AUS,2003,3.04667
Australia,AUS,2004,3.22
Australia,AUS,2005,3.39667
Australia,AUS,2006,3.58667
Australia,AUS,2007,3.64667
Australia,AUS,2008,3.73
Australia,AUS,2009,3.78667
Australia,AUS,2010,3.81333
Australia,AUS,2011,3.81333
Australia,AUS,2012,3.78667
Australia,AUS,2013,3.77667
Australia,AUS,2014,3.78333
Australia,AUS,2015,3.78333
Australia,AUS,2016,3.77667
Australia,AUS,2017,3.73333
Australia,AUS,2018,3.69333
Australia,AUS,2019,3.69333
Australia,AUS,2020,3.6629
Austria,AUT,1960,2.81
Austria,AUT,1961,3.01
Austria,AUT,1962,2.9
Austria,AUT,1963,3
Austria,AUT,1964,3.1
Austria,AUT,1965,4
Austria,AUT,1966,4.7
Austria,AUT,1967,4.8
Austria,AUT,1968,5
Austria,AUT,1969,5
Austria,AUT,1970,5.2
Austria,AUT,1971,5.4
Austria,AUT,1972,5.4
Austria,AUT,1973,5.5
Austria,AUT,1974,5.3
Austria,AUT,1975,5.2
Austria,AUT,1976,5.4
Austria,AUT,1977,5.3
Austria,AUT,1978,5.1
Austria,AUT,1979,5.2
Austria,AUT,1980,5.1
Austria,AUT,1981,5
Austria,AUT,1982,5
Austria,AUT,1983,5.3
Austria,AUT,1984,5.1
Austria,AUT,1985,4.8
Austria,AUT,1986,4.6
Austria,AUT,1987,4.7
Austria,AUT,1988,4.8
Austria,AUT,1989,4.9
Austria,AUT,1990,4.8
Austria,AUT,1991,4.7
Austria,AUT,1992,4.6
Austria,AUT,1993,4.5
Austria,AUT,1994,4.3
Austria,AUT,1995,4.5
Austria,AUT,1996,4.4
Austria,AUT,1997,4.2
Austria,AUT,1998,4.3
Austria,AUT,1999,4.2
Austria,AUT,2000,4.16667
Austria,AUT,2001,4.16667
Austria,AUT,2002,4.1
Austria,AUT,2003,3.93333
Austria,AUT,2004,4
Austria,AUT,2005,4.1
Austria,AUT,2006,4.3
Austria,AUT,2007,4.23333
Austria,AUT,2008,4.06667
Austria,AUT,2009,4.03333
Austria,AUT,2010,4.1
Austria,AUT,2011,4.16667
Austria,AUT,2012,4.03333
Austria,AUT,2013,4.06667
Austria,AUT,2014,3.9
Austria,AUT,2015,3.83333
Austria,AUT,2016,3.63333
Austria,AUT,2017,3.63333
Austria,AUT,2018,3.63333
Austria,AUT,2019,3.63333
Austria,AUT,2020,3.68529
Azerbaijan,AZE,1990,2.92
Azerbaijan,AZE,1991,2.88
Azerbaijan,AZE,1992,0.13
Azerbaijan,AZE,1993,0.47
Azerbaijan,AZE,1994,0.18
Azerbaijan,AZE,1995,0.13
Azerbaijan,AZE,1996,0.1
Azerbaijan,AZE,1997,0.16
Azerbaijan,AZE,1998,1.35
Azerbaijan,AZE,1999,0.89
Azerbaijan,AZE,2000,0.06196
Azerbaijan,AZE,2001,0.06196
Azerbaijan,AZE,2002,0.05336
Azerbaijan,AZE,2003,0.04579
Azerbaijan,AZE,2004,0.03051
Azerbaijan,AZE,2005,0.04413
Azerbaijan,AZE,2006,0.06795
Azerbaijan,AZE,2007,0.09575
Azerbaijan,AZE,2008,0.12838
Azerbaijan,AZE,2009,0.16549
Azerbaijan,AZE,2010,0.17577
Azerbaijan,AZE,2011,0.17046
Azerbaijan,AZE,2012,0.15275
Azerbaijan,AZE,2013,0.15356
Azerbaijan,AZE,2014,0.14941
Azerbaijan,AZE,2015,0.147
Azerbaijan,AZE,2016,0.13934
Azerbaijan,AZE,2017,0.14225
Azerbaijan,AZE,2018,0.11394
Azerbaijan,AZE,2019,0.11394
Azerbaijan,AZE,2020,0.10979
Bahamas,BHS,1961,1.16
Bahamas,BHS,1962,1.08
Bahamas,BHS,1963,1.14
Bahamas,BHS,1964,1.28
Bahamas,BHS,1965,1.72
Bahamas,BHS,1966,1.62
Bahamas,BHS,1967,1.64
Bahamas,BHS,1968,1.57
Bahamas,BHS,1969,2.25
Bahamas,BHS,1970,2.04
Bahamas,BHS,1971,1.88
Bahamas,BHS,1972,2.08
Bahamas,BHS,1973,2.66
Bahamas,BHS,1974,2.08
Bahamas,BHS,1975,1.95
Bahamas,BHS,1976,2.87
Bahamas,BHS,1977,2.2
Bahamas,BHS,1978,2.24
Bahamas,BHS,1979,2.12
Bahamas,BHS,1980,2.15
Bahamas,BHS,1981,1.68
Bahamas,BHS,1982,3.03
Bahamas,BHS,1983,2.21
Bahamas,BHS,1984,1.92
Bahamas,BHS,1985,1.9
Bahamas,BHS,1986,1.83
Bahamas,BHS,1987,2.16
Bahamas,BHS,1988,1.41
Bahamas,BHS,1989,1.5
Bahamas,BHS,1990,1.98
Bahamas,BHS,1991,1.77
Bahamas,BHS,1992,1.63
Bahamas,BHS,1993,1.51
Bahamas,BHS,1994,1.33
Bahamas,BHS,1995,1.65
Bahamas,BHS,1996,0.81
Bahamas,BHS,1997,0.97
Bahamas,BHS,1998,0.93
Bahamas,BHS,1999,1.14
Bahamas,BHS,2000,0.89314
Bahamas,BHS,2001,0.89314
Bahamas,BHS,2002,0.83934
Bahamas,BHS,2003,0.73311
Bahamas,BHS,2004,0.71674
Bahamas,BHS,2005,1.01936
Bahamas,BHS,2006,1.39953
Bahamas,BHS,2007,1.6883
Bahamas,BHS,2008,1.60742
Bahamas,BHS,2009,1.47979
Bahamas,BHS,2010,1.38763
Bahamas,BHS,2011,1.42034
Bahamas,BHS,2012,1.43853
Bahamas,BHS,2013,1.42849
Bahamas,BHS,2014,1.43036
Bahamas,BHS,2015,1.47451
Bahamas,BHS,2016,1.50652
Bahamas,BHS,2017,1.48197
Bahamas,BHS,2018,1.44487
Bahamas,BHS,2019,1.44487
Bahamas,BHS,2020,1.44015
Bahrain,BHR,1970,0.14
Bahrain,BHR,1971,0.16
Bahrain,BHR,1972,0.14
Bahrain,BHR,1973,0.21
Bahrain,BHR,1974,0.22
Bahrain,BHR,1975,0.36
Bahrain,BHR,1977,0.46
Bahrain,BHR,1979,0.18
Bahrain,BHR,1980,0.21
Bahrain,BHR,1981,0.23
Bahrain,BHR,1982,0.62
Bahrain,BHR,1983,0.56
Bahrain,BHR,1984,0.56
Bahrain,BHR,1985,0.49
Bahrain,BHR,1986,0.24
Bahrain,BHR,1987,0.46
Bahrain,BHR,1988,0.22
Bahrain,BHR,1989,0.22
Bahrain,BHR,1990,0.21
Bahrain,BHR,1991,0.1
Bahrain,BHR,1992,0.17
Bahrain,BHR,1993,0.16
Bahrain,BHR,1994,0.15
Bahrain,BHR,1995,0.12
Bahrain,BHR,1996,0.1
Bahrain,BHR,1997,0.24
Bahrain,BHR,1998,0.12
Bahrain,BHR,1999,0.15
Bahrain,BHR,2000,0.30634
Bahrain,BHR,2001,0.30634
Bahrain,BHR,2002,0.28056
Bahrain,BHR,2003,0.2752
Bahrain,BHR,2004,0.30851
Bahrain,BHR,2005,0.33
Bahrain,BHR,2006,0.34352
Bahrain,BHR,2007,0.25023
Bahrain,BHR,2008,0.26227
Bahrain,BHR,2009,0.25821
Bahrain,BHR,2010,0.31836
Bahrain,BHR,2011,0.27295
Bahrain,BHR,2012,0.23307
Bahrain,BHR,2013,0.19871
Bahrain,BHR,2014,0.18456
Bahrain,BHR,2015,0.16913
Bahrain,BHR,2016,0.16755
Bahrain,BHR,2017,0.18226
Bahrain,BHR,2018,0.17541
Bahrain,BHR,2019,0.17541
Bahrain,BHR,2020,0.12945
Bangladesh,BGD,1961,0
Bangladesh,BGD,1962,0
Bangladesh,BGD,1963,0
Bangladesh,BGD,1964,0
Bangladesh,BGD,1965,0
Bangladesh,BGD,1966,0
Bangladesh,BGD,1967,0
Bangladesh,BGD,1968,0
Bangladesh,BGD,1969,0
Bangladesh,BGD,1970,0
Bangladesh,BGD,1971,0
Bangladesh,BGD,1972,0
Bangladesh,BGD,1973,0
Bangladesh,BGD,1974,0
Bangladesh,BGD,1975,0
Bangladesh,BGD,1976,0
Bangladesh,BGD,1977,0
Bangladesh,BGD,1978,0
Bangladesh,BGD,1979,0
Bangladesh,BGD,1980,0
Bangladesh,BGD,1981,0
Bangladesh,BGD,1982,0
Bangladesh,BGD,1984,0
Bangladesh,BGD,1985,0
Bangladesh,BGD,1986,0
Bangladesh,BGD,1987,0
Bangladesh,BGD,1988,0
Bangladesh,BGD,1989,0
Bangladesh,BGD,1990,0
Bangladesh,BGD,1991,0
Bangladesh,BGD,1992,0
Bangladesh,BGD,1993,0
Bangladesh,BGD,1994,0
Bangladesh,BGD,1995,0
Bangladesh,BGD,1996,0
Bangladesh,BGD,1997,0
Bangladesh,BGD,1998,0
Bangladesh,BGD,1999,0
Bangladesh,BGD,2000,0.00014
Bangladesh,BGD,2001,0.00014
Bangladesh,BGD,2002,0.00014
Bangladesh,BGD,2003,0.00009
Bangladesh,BGD,2004,0.00009
Bangladesh,BGD,2005,0.00013
Bangladesh,BGD,2006,0.00021
Bangladesh,BGD,2007,0.00021
Bangladesh,BGD,2008,0.00016
Bangladesh,BGD,2009,0.00012
Bangladesh,BGD,2010,0.00012
Bangladesh,BGD,2011,0.00011
Bangladesh,BGD,2012,0.00015
Bangladesh,BGD,2013,0.00018
Bangladesh,BGD,2014,0.00018
Bangladesh,BGD,2015,0.00014
Bangladesh,BGD,2016,0.0001
Bangladesh,BGD,2017,0.0001
Bangladesh,BGD,2018,0.0001
Bangladesh,BGD,2019,0.0001
Bangladesh,BGD,2020,0.00176
Barbados,BRB,1990,0.36
Barbados,BRB,1991,0.38
Barbados,BRB,1992,0.34
Barbados,BRB,1993,0.33
Barbados,BRB,1994,0.43
Barbados,BRB,1995,0.41
Barbados,BRB,1996,0.4
Barbados,BRB,1997,0.46
Barbados,BRB,1998,0.25
Barbados,BRB,1999,0.53
Barbados,BRB,2000,0.56105
Barbados,BRB,2001,0.56105
Barbados,BRB,2002,0.5383
Barbados,BRB,2003,0.60852
Barbados,BRB,2004,0.76915
Barbados,BRB,2005,0.9649
Barbados,BRB,2006,1.08621
Barbados,BRB,2007,1.18663
Barbados,BRB,2008,1.17933
Barbados,BRB,2009,1.20825
Barbados,BRB,2010,1.13017
Barbados,BRB,2011,1.12364
Barbados,BRB,2012,1.13407
Barbados,BRB,2013,1.16233
Barbados,BRB,2014,1.29341
Barbados,BRB,2015,1.47431
Barbados,BRB,2016,1.56955
Barbados,BRB,2017,1.52788
Barbados,BRB,2018,1.40153
Barbados,BRB,2019,1.40153
Barbados,BRB,2020,1.30432
Belarus,BLR,1988,0
Belarus,BLR,1989,1.34
Belarus,BLR,1990,1.28
Belarus,BLR,1991,1.25
Belarus,BLR,1992,0.24
Belarus,BLR,1993,0.48
Belarus,BLR,1994,0.66
Belarus,BLR,1995,0.41
Belarus,BLR,1996,0.28
Belarus,BLR,1997,0.37
Belarus,BLR,1998,0.72
Belarus,BLR,1999,0.83
Belarus,BLR,2000,0.31531
Belarus,BLR,2001,0.31531
Belarus,BLR,2002,0.42111
Belarus,BLR,2003,0.37135
Belarus,BLR,2004,0.42481
Belarus,BLR,2005,0.45853
Belarus,BLR,2006,0.59439
Belarus,BLR,2007,0.62454
Belarus,BLR,2008,0.63152
Belarus,BLR,2009,0.67477
Belarus,BLR,2010,0.69931
Belarus,BLR,2011,0.74978
Belarus,BLR,2012,0.7789
Belarus,BLR,2013,0.81588
Belarus,BLR,2014,0.81168
Belarus,BLR,2015,0.79776
Belarus,BLR,2016,0.80084
Belarus,BLR,2017,0.85169
Belarus,BLR,2018,0.91189
Belarus,BLR,2019,0.91189
Belarus,BLR,2020,1.03168
Belgium,BEL,1963,1.01
Belgium,BEL,1964,1.33
Belgium,BEL,1965,1.62
Belgium,BEL,1966,1.4
Belgium,BEL,1967,1.53
Belgium,BEL,1968,1.72
Belgium,BEL,1969,1.75
Belgium,BEL,1970,2.04
Belgium,BEL,1971,2.08
Belgium,BEL,1972,2.23
Belgium,BEL,1973,2.25
Belgium,BEL,1974,2.32
Belgium,BEL,1975,2.52
Belgium,BEL,1976,2.31
Belgium,BEL,1977,2.52
Belgium,BEL,1978,2.47
Belgium,BEL,1979,2.82
Belgium,BEL,1980,2.83
Belgium,BEL,1981,2.87
Belgium,BEL,1982,2.96
Belgium,BEL,1983,2.95
Belgium,BEL,1984,3.11
Belgium,BEL,1985,3.08
Belgium,BEL,1986,2.93
Belgium,BEL,1987,3.1
Belgium,BEL,1988,3.41
Belgium,BEL,1989,3.09
Belgium,BEL,1990,3.34
Belgium,BEL,1991,3.21
Belgium,BEL,1992,3.33
Belgium,BEL,1993,3.44
Belgium,BEL,1994,3.22
Belgium,BEL,1995,3.35
Belgium,BEL,1996,3.35
Belgium,BEL,1997,3.34
Belgium,BEL,1998,2.59
Belgium,BEL,1999,2.67
Belgium,BEL,2000,3.57195
Belgium,BEL,2001,3.57195
Belgium,BEL,2002,3.612
Belgium,BEL,2003,3.749
Belgium,BEL,2004,3.75472
Belgium,BEL,2005,3.86043
Belgium,BEL,2006,3.90361
Belgium,BEL,2007,3.90182
Belgium,BEL,2008,3.8038
Belgium,BEL,2009,3.73556
Belgium,BEL,2010,3.69733
Belgium,BEL,2011,3.71717
Belgium,BEL,2012,3.7684
Belgium,BEL,2013,3.85414
Belgium,BEL,2014,3.93667
Belgium,BEL,2015,3.80392
Belgium,BEL,2016,3.62114
Belgium,BEL,2017,3.43309
Belgium,BEL,2018,3.41358
Belgium,BEL,2019,3.41358
Belgium,BEL,2020,3.34641
Belize,BLZ,1961,0.06
Belize,BLZ,1962,0.06
Belize,BLZ,1963,0.06
Belize,BLZ,1964,0.07
Belize,BLZ,1965,0.05
Belize,BLZ,1966,0.03
Belize,BLZ,1967,0.03
Belize,BLZ,1968,0.07
Belize,BLZ,1969,0.06
Belize,BLZ,1970,0.06
Belize,BLZ,1971,0.06
Belize,BLZ,1972,0.06
Belize,BLZ,1973,0.09
Belize,BLZ,1974,0.13
Belize,BLZ,1975,0.08
Belize,BLZ,1976,0.08
Belize,BLZ,1977,0.05
Belize,BLZ,1978,0.11
Belize,BLZ,1979,0.16
Belize,BLZ,1980,0.14
Belize,BLZ,1981,0.16
Belize,BLZ,1982,0.16
Belize,BLZ,1983,0.14
Belize,BLZ,1984,0.15
Belize,BLZ,1985,0.17
Belize,BLZ,1986,0.21
Belize,BLZ,1987,0.18
Belize,BLZ,1988,0.18
Belize,BLZ,1990,0.12
Belize,BLZ,1991,0.08
Belize,BLZ,1992,0.11
Belize,BLZ,1993,0.12
Belize,BLZ,1994,0.11
Belize,BLZ,1995,0.08
Belize,BLZ,1996,0.1
Belize,BLZ,1997,0.07
Belize,BLZ,1998,0.07
Belize,BLZ,1999,0.06
Belize,BLZ,2000,0.13267
Belize,BLZ,2001,0.13267
Belize,BLZ,2002,0.29982
Belize,BLZ,2003,0.29488
Belize,BLZ,2004,0.36171
Belize,BLZ,2005,0.20669
Belize,BLZ,2006,0.24474
Belize,BLZ,2007,0.23517
Belize,BLZ,2008,0.2283
Belize,BLZ,2009,0.21961
Belize,BLZ,2010,0.21131
Belize,BLZ,2011,0.25935
Belize,BLZ,2012,0.39111
Belize,BLZ,2013,0.56945
Belize,BLZ,2014,0.69007
Belize,BLZ,2015,0.68738
Belize,BLZ,2016,0.65033
Belize,BLZ,2017,0.64646
Belize,BLZ,2018,0.65899
Belize,BLZ,2019,0.65899
Belize,BLZ,2020,0.55414
Benin,BEN,1961,0.2
Benin,BEN,1962,0.22
Benin,BEN,1963,0.26
Benin,BEN,1964,0.23
Benin,BEN,1965,0.19
Benin,BEN,1966,0.19
Benin,BEN,1967,0.17
Benin,BEN,1968,0.21
Benin,BEN,1969,0.17
Benin,BEN,1970,0.17
Benin,BEN,1971,0.2
Benin,BEN,1972,0.18
Benin,BEN,1973,0.16
Benin,BEN,1974,0.13
Benin,BEN,1975,0.21
Benin,BEN,1976,0.21
Benin,BEN,1977,0.24
Benin,BEN,1978,0.19
Benin,BEN,1979,0.18
Benin,BEN,1980,0.11
Benin,BEN,1981,0.18
Benin,BEN,1982,0.15
Benin,BEN,1983,0.09
Benin,BEN,1984,0.08
Benin,BEN,1985,0.07
Benin,BEN,1986,0.12
Benin,BEN,1987,0.11
Benin,BEN,1988,0.1
Benin,BEN,1989,0.09
Benin,BEN,1990,0.07
Benin,BEN,1991,0.05
Benin,BEN,1992,0.08
Benin,BEN,1993,0.11
Benin,BEN,1994,0.04
Benin,BEN,1995,0.06
Benin,BEN,1996,0.09
Benin,BEN,1997,0.1
Benin,BEN,1998,0.12
Benin,BEN,1999,0.12
Benin,BEN,2000,0.08043
Benin,BEN,2001,0.08043
Benin,BEN,2002,0.08914
Benin,BEN,2003,0.09884
Benin,BEN,2004,0.11552
Benin,BEN,2005,0.12589
Benin,BEN,2006,0.1049
Benin,BEN,2007,0.09149
Benin,BEN,2008,0.06558
Benin,BEN,2009,0.09451
Benin,BEN,2010,0.12971
Benin,BEN,2011,0.15313
Benin,BEN,2012,0.13945
Benin,BEN,2013,0.10036
Benin,BEN,2014,0.07821
Benin,BEN,2015,0.07364
Benin,BEN,2016,0.07032
Benin,BEN,2017,0.05901
Benin,BEN,2018,0.04504
Benin,BEN,2019,0.04504
Benin,BEN,2020,0.03921
Bhutan,BTN,1961,0
Bhutan,BTN,1962,0
Bhutan,BTN,1963,0
Bhutan,BTN,1964,0
Bhutan,BTN,1965,0
Bhutan,BTN,1966,0
Bhutan,BTN,1967,0
Bhutan,BTN,1968,0
Bhutan,BTN,1969,0
Bhutan,BTN,1970,0
Bhutan,BTN,1971,0
Bhutan,BTN,1972,0
Bhutan,BTN,1973,0
Bhutan,BTN,1974,0
Bhutan,BTN,1975,0
Bhutan,BTN,1976,0
Bhutan,BTN,1977,0
Bhutan,BTN,1978,0
Bhutan,BTN,1979,0
Bhutan,BTN,1980,0
Bhutan,BTN,1981,0
Bhutan,BTN,1982,0
Bhutan,BTN,1983,0
Bhutan,BTN,1984,0
Bhutan,BTN,1985,0
Bhutan,BTN,1986,0
Bhutan,BTN,1987,0
Bhutan,BTN,1988,0
Bhutan,BTN,1989,0
Bhutan,BTN,1990,0
Bhutan,BTN,1991,0
Bhutan,BTN,1992,0
Bhutan,BTN,1993,0
Bhutan,BTN,1994,0
Bhutan,BTN,1995,0
Bhutan,BTN,1996,0
Bhutan,BTN,1997,0
Bhutan,BTN,1998,0
Bhutan,BTN,1999,0
Bhutan,BTN,2000,0.00581
Bhutan,BTN,2001,0.00581
Bhutan,BTN,2002,0.00572
Bhutan,BTN,2003,0.00563
Bhutan,BTN,2004,0.00555
Bhutan,BTN,2005,0.00548
Bhutan,BTN,2006,0.00541
Bhutan,BTN,2007,0.00535
Bhutan,BTN,2008,0.00529
Bhutan,BTN,2009,0.00523
Bhutan,BTN,2010,0.00574
Bhutan,BTN,2011,0.00565
Bhutan,BTN,2012,0.0047
Bhutan,BTN,2013,0.00274
Bhutan,BTN,2014,0.00263
Bhutan,BTN,2015,0.01953
Bhutan,BTN,2016,0.0369
Bhutan,BTN,2017,0.05301
Bhutan,BTN,2018,0.05301
Bhutan,BTN,2019,0.05301
Bhutan,BTN,2020,0.04488
Bolivia,BOL,1961,0.06
Bolivia,BOL,1962,0.06
Bolivia,BOL,1963,0.05
Bolivia,BOL,1964,0.05
Bolivia,BOL,1965,0.05
Bolivia,BOL,1966,0.05
Bolivia,BOL,1967,0.05
Bolivia,BOL,1968,0.04
Bolivia,BOL,1969,0.04
Bolivia,BOL,1970,0.04
Bolivia,BOL,1971,0.04
Bolivia,BOL,1972,0.06
Bolivia,BOL,1973,0.06
Bolivia,BOL,1974,0.07
Bolivia,BOL,1975,0.07
Bolivia,BOL,1976,0.08
Bolivia,BOL,1977,0.08
Bolivia,BOL,1978,0.1
Bolivia,BOL,1979,0.1
Bolivia,BOL,1980,0.09
Bolivia,BOL,1981,0.09
Bolivia,BOL,1982,0.09
Bolivia,BOL,1983,0.09
Bolivia,BOL,1984,0.09
Bolivia,BOL,1985,0.09
Bolivia,BOL,1986,0.09
Bolivia,BOL,1987,0.1
Bolivia,BOL,1988,0.09
Bolivia,BOL,1989,0.08
Bolivia,BOL,1990,0.07
Bolivia,BOL,1991,0.07
Bolivia,BOL,1992,0.06
Bolivia,BOL,1993,0.07
Bolivia,BOL,1994,0.06
Bolivia,BOL,1995,0.06
Bolivia,BOL,1996,0.06
Bolivia,BOL,1997,0.06
Bolivia,BOL,1998,0.06
Bolivia,BOL,1999,0.06
Bolivia,BOL,2000,0.05826
Bolivia,BOL,2001,0.05826
Bolivia,BOL,2002,0.05542
Bolivia,BOL,2003,0.05413
Bolivia,BOL,2004,0.06385
Bolivia,BOL,2005,0.09722
Bolivia,BOL,2006,0.12985
Bolivia,BOL,2007,0.15731
Bolivia,BOL,2008,0.15389
Bolivia,BOL,2009,0.15237
Bolivia,BOL,2010,0.147
Bolivia,BOL,2011,0.14676
Bolivia,BOL,2012,0.14985
Bolivia,BOL,2013,0.14449
Bolivia,BOL,2014,0.13927
Bolivia,BOL,2015,0.13654
Bolivia,BOL,2016,0.14113
Bolivia,BOL,2017,0.14157
Bolivia,BOL,2018,0.12955
Bolivia,BOL,2019,0.12955
Bolivia,BOL,2020,0.10899
Bosnia and Herzegovina,BIH,1990,0.59
Bosnia and Herzegovina,BIH,1991,0.68
Bosnia and Herzegovina,BIH,1992,0.84
Bosnia and Herzegovina,BIH,1993,0.48
Bosnia and Herzegovina,BIH,1994,0.43
Bosnia and Herzegovina,BIH,1995,0.78
Bosnia and Herzegovina,BIH,1996,0.15
Bosnia and Herzegovina,BIH,1997,0.21
Bosnia and Herzegovina,BIH,1998,0.28
Bosnia and Herzegovina,BIH,1999,0.2
Bosnia and Herzegovina,BIH,2000,0.31749
Bosnia and Herzegovina,BIH,2001,0.31749
Bosnia and Herzegovina,BIH,2002,0.35768
Bosnia and Herzegovina,BIH,2003,0.33453
Bosnia and Herzegovina,BIH,2004,0.34597
Bosnia and Herzegovina,BIH,2005,0.36129
Bosnia and Herzegovina,BIH,2006,0.41407
Bosnia and Herzegovina,BIH,2007,0.44954
Bosnia and Herzegovina,BIH,2008,0.47202
Bosnia and Herzegovina,BIH,2009,0.45473
Bosnia and Herzegovina,BIH,2010,0.43924
Bosnia and Herzegovina,BIH,2011,0.43058
Bosnia and Herzegovina,BIH,2012,0.43807
Bosnia and Herzegovina,BIH,2013,0.4593
Bosnia and Herzegovina,BIH,2014,0.47698
Bosnia and Herzegovina,BIH,2015,0.47917
Bosnia and Herzegovina,BIH,2016,0.4846
Bosnia and Herzegovina,BIH,2017,0.49298
Bosnia and Herzegovina,BIH,2018,0.49237
Bosnia and Herzegovina,BIH,2019,0.49237
Bosnia and Herzegovina,BIH,2020,0.47497
Botswana,BWA,1961,0.14
Botswana,BWA,1962,0.13
Botswana,BWA,1963,0.13
Botswana,BWA,1964,0.13
Botswana,BWA,1965,0.13
Botswana,BWA,1966,0.12
Botswana,BWA,1967,0.12
Botswana,BWA,1968,0.12
Botswana,BWA,1969,0.14
Botswana,BWA,1970,0.13
Botswana,BWA,1971,0.15
Botswana,BWA,1972,0.17
Botswana,BWA,1973,0.16
Botswana,BWA,1974,0.15
Botswana,BWA,1975,0.17
Botswana,BWA,1976,0.1
Botswana,BWA,1977,0.16
Botswana,BWA,1978,0.26
Botswana,BWA,1979,0.21
Botswana,BWA,1980,0.19
Botswana,BWA,1981,0.29
Botswana,BWA,1982,0.25
Botswana,BWA,1983,0.31
Botswana,BWA,1984,0.95
Botswana,BWA,1985,0.19
Botswana,BWA,1986,0.31
Botswana,BWA,1987,0.2
Botswana,BWA,1988,0.4
Botswana,BWA,1989,0.16
Botswana,BWA,1990,0.23
Botswana,BWA,1991,0.31
Botswana,BWA,1992,0.97
Botswana,BWA,1993,0.23
Botswana,BWA,1994,0.39
Botswana,BWA,1995,0.25
Botswana,BWA,1996,0.19
Botswana,BWA,1997,0.31
Botswana,BWA,1998,0.23
Botswana,BWA,1999,0.28
Botswana,BWA,2000,0.36919
Botswana,BWA,2001,0.36919
Botswana,BWA,2002,0.39754
Botswana,BWA,2003,0.4604
Botswana,BWA,2004,0.5987
Botswana,BWA,2005,0.93345
Botswana,BWA,2006,1.41191
Botswana,BWA,2007,1.44638
Botswana,BWA,2008,1.19576
Botswana,BWA,2009,0.75369
Botswana,BWA,2010,0.54724
Botswana,BWA,2011,0.44618
Botswana,BWA,2012,0.39189
Botswana,BWA,2013,0.38108
Botswana,BWA,2014,0.36182
Botswana,BWA,2015,0.33895
Botswana,BWA,2016,0.29228
Botswana,BWA,2017,0.31433
Botswana,BWA,2018,0.36709
Botswana,BWA,2019,0.36709
Botswana,BWA,2020,0.35247
Brazil,BRA,1963,0.45
Brazil,BRA,1964,0.44
Brazil,BRA,1965,0.36
Brazil,BRA,1966,0.36
Brazil,BRA,1967,0.44
Brazil,BRA,1968,0.47
Brazil,BRA,1969,0.53
Brazil,BRA,1970,0.5
Brazil,BRA,1971,0.46
Brazil,BRA,1972,0.54
Brazil,BRA,1973,0.54
Brazil,BRA,1974,0.46
Brazil,BRA,1975,0.44
Brazil,BRA,1976,0.46
Brazil,BRA,1977,0.5
Brazil,BRA,1978,0.53
Brazil,BRA,1979,0.53
Brazil,BRA,1980,0.46
Brazil,BRA,1981,0.41
Brazil,BRA,1982,0.48
Brazil,BRA,1983,0.47
Brazil,BRA,1984,0.44
Brazil,BRA,1985,0.44
Brazil,BRA,1986,0.49
Brazil,BRA,1987,0.35
Brazil,BRA,1988,0.48
Brazil,BRA,1989,0.31
Brazil,BRA,1990,0.3
Brazil,BRA,1991,0.3
Brazil,BRA,1992,0.3
Brazil,BRA,1993,0.3
Brazil,BRA,1994,0.29
Brazil,BRA,1995,0.31
Brazil,BRA,1996,0.3
Brazil,BRA,1997,0.3
Brazil,BRA,1998,0.3
Brazil,BRA,1999,0.3
Brazil,BRA,2000,0.30189
Brazil,BRA,2001,0.30189
Brazil,BRA,2002,0.29266
Brazil,BRA,2003,0.2899
Brazil,BRA,2004,0.30005
Brazil,BRA,2005,0.30621
Brazil,BRA,2006,0.30338
Brazil,BRA,2007,0.28531
Brazil,BRA,2008,0.28154
Brazil,BRA,2009,0.28883
Brazil,BRA,2010,0.29413
Brazil,BRA,2011,0.28147
Brazil,BRA,2012,0.27178
Brazil,BRA,2013,0.25747
Brazil,BRA,2014,0.25567
Brazil,BRA,2015,0.2426
Brazil,BRA,2016,0.24047
Brazil,BRA,2017,0.23776
Brazil,BRA,2018,0.2401
Brazil,BRA,2019,0.2401
Brazil,BRA,2020,0.28857
Brunei,BRN,1961,0.02
Brunei,BRN,1962,0.04
Brunei,BRN,1963,0.04
Brunei,BRN,1964,0.04
Brunei,BRN,1965,0.04
Brunei,BRN,1966,0.03
Brunei,BRN,1967,0.03
Brunei,BRN,1968,0.03
Brunei,BRN,1969,0.03
Brunei,BRN,1970,0.04
Brunei,BRN,1971,0.05
Brunei,BRN,1972,0.04
Brunei,BRN,1973,0.07
Brunei,BRN,1974,0.08
Brunei,BRN,1975,0.08
Brunei,BRN,1976,0.09
Brunei,BRN,1977,0.12
Brunei,BRN,1978,0.18
Brunei,BRN,1979,0.13
Brunei,BRN,1980,0.13
Brunei,BRN,1981,0.18
Brunei,BRN,1982,0.5
Brunei,BRN,1983,0.43
Brunei,BRN,1984,0.94
Brunei,BRN,1985,0.51
Brunei,BRN,1986,0.1
Brunei,BRN,1987,0.15
Brunei,BRN,1988,0.12
Brunei,BRN,1989,0.15
Brunei,BRN,1990,0.1
Brunei,BRN,1991,0.1
Brunei,BRN,1993,0.02
Brunei,BRN,1994,0.02
Brunei,BRN,1995,0.02
Brunei,BRN,1996,0.03
Brunei,BRN,1997,0.02
Brunei,BRN,1998,0.02
Brunei,BRN,1999,0.04
Brunei,BRN,2000,0.04233
Brunei,BRN,2001,0.04233
Brunei,BRN,2002,0.02501
Brunei,BRN,2003,0.00818
Brunei,BRN,2004,0
Brunei,BRN,2005,0.00745
Brunei,BRN,2006,0.01477
Brunei,BRN,2007,0.02195
Brunei,BRN,2008,0.02157
Brunei,BRN,2009,0.01425
Brunei,BRN,2010,0.01388
Brunei,BRN,2011,0.0202
Brunei,BRN,2012,0.02678
Brunei,BRN,2013,0.01996
Brunei,BRN,2014,0.00658
Brunei,BRN,2015,0
Brunei,BRN,2016,0
Brunei,BRN,2017,0
Brunei,BRN,2018,0
Brunei,BRN,2019,0
Brunei,BRN,2020,0
Bulgaria,BGR,1963,3.5
Bulgaria,BGR,1964,3.09
Bulgaria,BGR,1965,3.52
Bulgaria,BGR,1966,3.23
Bulgaria,BGR,1967,3.39
Bulgaria,BGR,1968,4.27
Bulgaria,BGR,1969,3.46
Bulgaria,BGR,1970,2.98
Bulgaria,BGR,1971,3.28
Bulgaria,BGR,1972,3.27
Bulgaria,BGR,1973,3.88
Bulgaria,BGR,1974,3.7
Bulgaria,BGR,1975,3.32
Bulgaria,BGR,1976,3.77
Bulgaria,BGR,1977,3.32
Bulgaria,BGR,1978,3.69
Bulgaria,BGR,1979,3.17
Bulgaria,BGR,1980,3.11
Bulgaria,BGR,1981,3.56
Bulgaria,BGR,1982,3.49
Bulgaria,BGR,1983,3.17
Bulgaria,BGR,1984,3.28
Bulgaria,BGR,1985,2.82
Bulgaria,BGR,1986,3.08
Bulgaria,BGR,1987,3.13
Bulgaria,BGR,1988,3.22
Bulgaria,BGR,1989,3.02
Bulgaria,BGR,1990,3.24
Bulgaria,BGR,1991,2.81
Bulgaria,BGR,1992,3.13
Bulgaria,BGR,1993,2.99
Bulgaria,BGR,1994,2.96
Bulgaria,BGR,1995,2.92
Bulgaria,BGR,1996,2.89
Bulgaria,BGR,1997,2.86
Bulgaria,BGR,1998,2.91
Bulgaria,BGR,1999,2.81
Bulgaria,BGR,2000,2.3746
Bulgaria,BGR,2001,2.3746
Bulgaria,BGR,2002,2.52939
Bulgaria,BGR,2003,2.21794
Bulgaria,BGR,2004,1.99761
Bulgaria,BGR,2005,1.61726
Bulgaria,BGR,2006,1.50815
Bulgaria,BGR,2007,1.44399
Bulgaria,BGR,2008,1.52983
Bulgaria,BGR,2009,1.40943
Bulgaria,BGR,2010,1.22857
Bulgaria,BGR,2011,1.32797
Bulgaria,BGR,2012,1.46428
Bulgaria,BGR,2013,1.74864
Bulgaria,BGR,2014,1.75774
Bulgaria,BGR,2015,1.92191
Bulgaria,BGR,2016,1.89766
Bulgaria,BGR,2017,1.93776
Bulgaria,BGR,2018,1.85548
Bulgaria,BGR,2019,1.85548
Bulgaria,BGR,2020,1.70028
Burkina Faso,BFA,1961,0.1
Burkina Faso,BFA,1962,0.1
Burkina Faso,BFA,1963,0.1
Burkina Faso,BFA,1964,0.07
Burkina Faso,BFA,1965,0.07
Burkina Faso,BFA,1966,0.06
Burkina Faso,BFA,1967,0.04
Burkina Faso,BFA,1968,0.04
Burkina Faso,BFA,1969,0.04
Burkina Faso,BFA,1970,0.06
Burkina Faso,BFA,1971,0.07
Burkina Faso,BFA,1972,0.08
Burkina Faso,BFA,1973,0.08
Burkina Faso,BFA,1974,0.08
Burkina Faso,BFA,1975,0.07
Burkina Faso,BFA,1976,0.06
Burkina Faso,BFA,1977,0.04
Burkina Faso,BFA,1978,0.11
Burkina Faso,BFA,1979,0.03
Burkina Faso,BFA,1980,0.03
Burkina Faso,BFA,1981,0.04
Burkina Faso,BFA,1982,0.03
Burkina Faso,BFA,1983,0.03
Burkina Faso,BFA,1984,0.02
Burkina Faso,BFA,1985,0
Burkina Faso,BFA,1986,0.02
Burkina Faso,BFA,1987,0.01
Burkina Faso,BFA,1988,0.01
Burkina Faso,BFA,1989,0.01
Burkina Faso,BFA,1990,0.01
Burkina Faso,BFA,1991,0
Burkina Faso,BFA,1992,0.01
Burkina Faso,BFA,1993,0
Burkina Faso,BFA,1994,0.01
Burkina Faso,BFA,1995,0.02
Burkina Faso,BFA,1996,0.02
Burkina Faso,BFA,1997,0.02
Burkina Faso,BFA,1998,0.02
Burkina Faso,BFA,1999,0.04
Burkina Faso,BFA,2000,0.01917
Burkina Faso,BFA,2001,0.01917
Burkina Faso,BFA,2002,0.01452
Burkina Faso,BFA,2003,0.03144
Burkina Faso,BFA,2004,0.05573
Burkina Faso,BFA,2005,0.08042
Burkina Faso,BFA,2006,0.08595
Burkina Faso,BFA,2007,0.08259
Burkina Faso,BFA,2008,0.06635
Burkina Faso,BFA,2009,0.05967
Burkina Faso,BFA,2010,0.05523
Burkina Faso,BFA,2011,0.06267
Burkina Faso,BFA,2012,0.05526
Burkina Faso,BFA,2013,0.04554
Burkina Faso,BFA,2014,0.03313
Burkina Faso,BFA,2015,0.03317
Burkina Faso,BFA,2016,0.03649
Burkina Faso,BFA,2017,0.04569
Burkina Faso,BFA,2018,0.06767
Burkina Faso,BFA,2019,0.06767
Burkina Faso,BFA,2020,0.11764
Burundi,BDI,1961,0.01
Burundi,BDI,1962,0.01
Burundi,BDI,1963,0.01
Burundi,BDI,1964,0.02
Burundi,BDI,1965,0.02
Burundi,BDI,1966,0.02
Burundi,BDI,1967,0.02
Burundi,BDI,1968,0.03
Burundi,BDI,1969,0.01
Burundi,BDI,1970,0.02
Burundi,BDI,1971,0.01
Burundi,BDI,1972,0.02
Burundi,BDI,1973,0.02
Burundi,BDI,1974,0.02
Burundi,BDI,1975,0.01
Burundi,BDI,1976,0.01
Burundi,BDI,1977,0.02
Burundi,BDI,1978,0.02
Burundi,BDI,1979,0.02
Burundi,BDI,1980,0.02
Burundi,BDI,1981,0.02
Burundi,BDI,1982,0.04
Burundi,BDI,1983,0.02
Burundi,BDI,1984,0.01
Burundi,BDI,1985,0.01
Burundi,BDI,1986,0.01
Burundi,BDI,1987,0.01
Burundi,BDI,1988,0.01
Burundi,BDI,1989,0.01
Burundi,BDI,1990,0.01
Burundi,BDI,1991,0.01
Burundi,BDI,1992,0.01
Burundi,BDI,1993,0.01
Burundi,BDI,1994,0.01
Burundi,BDI,1995,0.01
Burundi,BDI,1996,0
Burundi,BDI,1997,0
Burundi,BDI,1998,0
Burundi,BDI,1999,0
Burundi,BDI,2000,0.00363
Burundi,BDI,2001,0.00363
Burundi,BDI,2002,0.00349
Burundi,BDI,2003,0.00549
Burundi,BDI,2004,0.00637
Burundi,BDI,2005,0.00722
Burundi,BDI,2006,0.0059
Burundi,BDI,2007,0.00657
Burundi,BDI,2008,0.00635
Burundi,BDI,2009,0.00614
Burundi,BDI,2010,0.00505
Burundi,BDI,2011,0.00568
Burundi,BDI,2012,0.00707
Burundi,BDI,2013,0.00767
Burundi,BDI,2014,0.00675
Burundi,BDI,2015,0.00508
Burundi,BDI,2016,0.00353
Burundi,BDI,2017,0.00274
Burundi,BDI,2018,0.00324
Burundi,BDI,2019,0.00324
Burundi,BDI,2020,0.00737
Cambodia,KHM,1982,0
Cambodia,KHM,1983,0
Cambodia,KHM,1984,0
Cambodia,KHM,1985,0
Cambodia,KHM,1986,0
Cambodia,KHM,1987,0
Cambodia,KHM,1988,0
Cambodia,KHM,1989,0
Cambodia,KHM,1990,0
Cambodia,KHM,1991,0
Cambodia,KHM,1992,0
Cambodia,KHM,1993,0
Cambodia,KHM,1994,0
Cambodia,KHM,1995,0
Cambodia,KHM,1996,0.03
Cambodia,KHM,1997,0.01
Cambodia,KHM,1998,0
Cambodia,KHM,1999,0.01
Cambodia,KHM,2000,0.00542
Cambodia,KHM,2001,0.00542
Cambodia,KHM,2002,0.0057
Cambodia,KHM,2003,0.00659
Cambodia,KHM,2004,0.01216
Cambodia,KHM,2005,0.01382
Cambodia,KHM,2006,0.01774
Cambodia,KHM,2007,0.01757
Cambodia,KHM,2008,0.01896
Cambodia,KHM,2009,0.01643
Cambodia,KHM,2010,0.01263
Cambodia,KHM,2011,0.01145
Cambodia,KHM,2012,0.01359
Cambodia,KHM,2013,0.0172
Cambodia,KHM,2014,0.01844
Cambodia,KHM,2015,0.01813
Cambodia,KHM,2016,0.0141
Cambodia,KHM,2017,0.0106
Cambodia,KHM,2018,0.00894
Cambodia,KHM,2019,0.00894
Cambodia,KHM,2020,0.01247
Cameroon,CMR,1961,0.42
Cameroon,CMR,1962,0.42
Cameroon,CMR,1963,0.37
Cameroon,CMR,1964,0.41
Cameroon,CMR,1965,0.41
Cameroon,CMR,1966,0.49
Cameroon,CMR,1967,0.59
Cameroon,CMR,1968,0.49
Cameroon,CMR,1969,0.53
Cameroon,CMR,1970,0.52
Cameroon,CMR,1971,0.45
Cameroon,CMR,1972,0.49
Cameroon,CMR,1973,0.61
Cameroon,CMR,1974,0.69
Cameroon,CMR,1975,0.55
Cameroon,CMR,1976,0.65
Cameroon,CMR,1977,0.33
Cameroon,CMR,1978,0.09
Cameroon,CMR,1979,0.09
Cameroon,CMR,1980,0.07
Cameroon,CMR,1981,0.04
Cameroon,CMR,1982,0.13
Cameroon,CMR,1983,0.09
Cameroon,CMR,1984,0.08
Cameroon,CMR,1985,0.09
Cameroon,CMR,1986,0.08
Cameroon,CMR,1987,0.12
Cameroon,CMR,1988,0.14
Cameroon,CMR,1989,0.13
Cameroon,CMR,1990,0.11
Cameroon,CMR,1991,0.03
Cameroon,CMR,1992,0.11
Cameroon,CMR,1993,0.07
Cameroon,CMR,1994,0.05
Cameroon,CMR,1995,0.06
Cameroon,CMR,1996,0.05
Cameroon,CMR,1997,0.09
Cameroon,CMR,1998,0.1
Cameroon,CMR,1999,0.08
Cameroon,CMR,2000,0.07203
Cameroon,CMR,2001,0.07203
Cameroon,CMR,2002,0.07295
Cameroon,CMR,2003,0.05795
Cameroon,CMR,2004,0.05268
Cameroon,CMR,2005,0.04817
Cameroon,CMR,2006,0.0699
Cameroon,CMR,2007,0.08061
Cameroon,CMR,2008,0.08748
Cameroon,CMR,2009,0.08836
Cameroon,CMR,2010,0.09851
Cameroon,CMR,2011,0.10877
Cameroon,CMR,2012,0.10873
Cameroon,CMR,2013,0.10893
Cameroon,CMR,2014,0.10757
Cameroon,CMR,2015,0.10372
Cameroon,CMR,2016,0.09469
Cameroon,CMR,2017,0.09571
Cameroon,CMR,2018,0.10429
Cameroon,CMR,2019,0.10429
Cameroon,CMR,2020,0.10611
Canada,CAN,1961,0.4
Canada,CAN,1962,0.41
Canada,CAN,1963,0.44
Canada,CAN,1964,0.33
Canada,CAN,1965,0.33
Canada,CAN,1966,0.38
Canada,CAN,1967,0.4
Canada,CAN,1968,0.42
Canada,CAN,1969,0.44
Canada,CAN,1970,0.51
Canada,CAN,1971,0.57
Canada,CAN,1972,0.65
Canada,CAN,1973,0.71
Canada,CAN,1974,0.75
Canada,CAN,1975,0.79
Canada,CAN,1976,0.83
Canada,CAN,1977,0.87
Canada,CAN,1978,0.96
Canada,CAN,1979,1.08
Canada,CAN,1980,1.11
Canada,CAN,1981,1.18
Canada,CAN,1982,1.22
Canada,CAN,1983,1.24
Canada,CAN,1984,1.24
Canada,CAN,1985,1.29
Canada,CAN,1986,1.33
Canada,CAN,1987,1.3
Canada,CAN,1988,1.34
Canada,CAN,1989,1.27
Canada,CAN,1990,1.21
Canada,CAN,1991,1.14
Canada,CAN,1992,1.11
Canada,CAN,1993,1.12
Canada,CAN,1994,1.1
Canada,CAN,1995,1.11
Canada,CAN,1996,1.14
Canada,CAN,1997,1.18
Canada,CAN,1998,1.2
Canada,CAN,1999,1.2
Canada,CAN,2000,1.35833
Canada,CAN,2001,1.35833
Canada,CAN,2002,1.41667
Canada,CAN,2003,1.45833
Canada,CAN,2004,1.51667
Canada,CAN,2005,1.58333
Canada,CAN,2006,1.675
Canada,CAN,2007,1.75
Canada,CAN,2008,1.81667
Canada,CAN,2009,1.85833
Canada,CAN,2010,1.89167
Canada,CAN,2011,1.925
Canada,CAN,2012,1.95833
Canada,CAN,2013,1.99167
Canada,CAN,2014,2
Canada,CAN,2015,2.025
Canada,CAN,2016,2.05833
Canada,CAN,2017,2.09167
Canada,CAN,2018,2.075
Canada,CAN,2019,2.075
Canada,CAN,2020,2.075
Cape Verde,CPV,1961,1.02
Cape Verde,CPV,1962,1.08
Cape Verde,CPV,1963,1.04
Cape Verde,CPV,1964,1.17
Cape Verde,CPV,1965,1.29
Cape Verde,CPV,1966,1.32
Cape Verde,CPV,1967,1.13
Cape Verde,CPV,1968,1.41
Cape Verde,CPV,1969,1.13
Cape Verde,CPV,1970,1.08
Cape Verde,CPV,1971,1.2
Cape Verde,CPV,1972,1.86
Cape Verde,CPV,1973,2.04
Cape Verde,CPV,1974,2.06
Cape Verde,CPV,1975,2.98
Cape Verde,CPV,1976,2.19
Cape Verde,CPV,1977,1.81
Cape Verde,CPV,1978,1.37
Cape Verde,CPV,1979,0.93
Cape Verde,CPV,1980,0.94
Cape Verde,CPV,1981,0.96
Cape Verde,CPV,1982,0.98
Cape Verde,CPV,1983,1.08
Cape Verde,CPV,1984,1.61
Cape Verde,CPV,1985,1.39
Cape Verde,CPV,1986,1.74
Cape Verde,CPV,1987,2.13
Cape Verde,CPV,1988,2.24
Cape Verde,CPV,1989,1.69
Cape Verde,CPV,1990,1.36
Cape Verde,CPV,1991,1.88
Cape Verde,CPV,1992,2.72
Cape Verde,CPV,1993,3.58
Cape Verde,CPV,1994,2.79
Cape Verde,CPV,1995,2.53
Cape Verde,CPV,1996,2.17
Cape Verde,CPV,1997,1.82
Cape Verde,CPV,1998,1.74
Cape Verde,CPV,1999,1.39
Cape Verde,CPV,2000,1.11675
Cape Verde,CPV,2001,1.11675
Cape Verde,CPV,2002,1.25086
Cape Verde,CPV,2003,1.44566
Cape Verde,CPV,2004,1.59675
Cape Verde,CPV,2005,1.88003
Cape Verde,CPV,2006,2.09082
Cape Verde,CPV,2007,2.11393
Cape Verde,CPV,2008,1.9308
Cape Verde,CPV,2009,1.76149
Cape Verde,CPV,2010,1.65623
Cape Verde,CPV,2011,1.62078
Cape Verde,CPV,2012,1.4154
Cape Verde,CPV,2013,1.36412
Cape Verde,CPV,2014,1.44716
Cape Verde,CPV,2015,1.72648
Cape Verde,CPV,2016,1.97549
Cape Verde,CPV,2017,2.07017
Cape Verde,CPV,2018,2.04665
Cape Verde,CPV,2019,2.04665
Cape Verde,CPV,2020,2.04072
Central African Republic,CAF,1961,0.16
Central African Republic,CAF,1962,0.71
Central African Republic,CAF,1963,0.64
Central African Republic,CAF,1964,0.71
Central African Republic,CAF,1965,0.27
Central African Republic,CAF,1966,0.53
Central African Republic,CAF,1967,0.67
Central African Republic,CAF,1968,0.63
Central African Republic,CAF,1969,0.56
Central African Republic,CAF,1970,0.54
Central African Republic,CAF,1971,0.46
Central African Republic,CAF,1972,0.32
Central African Republic,CAF,1973,0.24
Central African Republic,CAF,1974,0.29
Central African Republic,CAF,1975,0.37
Central African Republic,CAF,1976,0.32
Central African Republic,CAF,1977,0.3
Central African Republic,CAF,1978,0.24
Central African Republic,CAF,1979,0.22
Central African Republic,CAF,1980,0.36
Central African Republic,CAF,1981,0.43
Central African Republic,CAF,1982,0.74
Central African Republic,CAF,1983,0.3
Central African Republic,CAF,1984,0.46
Central African Republic,CAF,1985,0.43
Central African Republic,CAF,1986,0.36
Central African Republic,CAF,1987,0.22
Central African Republic,CAF,1988,0.2
Central African Republic,CAF,1989,0.17
Central African Republic,CAF,1990,0.14
Central African Republic,CAF,1991,0.11
Central African Republic,CAF,1992,0.07
Central African Republic,CAF,1993,0.05
Central African Republic,CAF,1994,0.06
Central African Republic,CAF,1995,0.13
Central African Republic,CAF,1996,0.03
Central African Republic,CAF,1997,0.03
Central African Republic,CAF,1998,0.03
Central African Republic,CAF,1999,0.02
Central African Republic,CAF,2000,0.03419
Central African Republic,CAF,2001,0.03419
Central African Republic,CAF,2002,0.03545
Central African Republic,CAF,2003,0.03277
Central African Republic,CAF,2004,0.03048
Central African Republic,CAF,2005,0.02643
Central African Republic,CAF,2006,0.0207
Central African Republic,CAF,2007,0.02372
Central African Republic,CAF,2008,0.02177
Central African Republic,CAF,2009,0.02476
Central African Republic,CAF,2010,0.02287
Central African Republic,CAF,2011,0.02608
Central African Republic,CAF,2012,0.02283
Central African Republic,CAF,2013,0.01632
Central African Republic,CAF,2014,0.01791
Central African Republic,CAF,2015,0.02099
Central African Republic,CAF,2016,0.02879
Central African Republic,CAF,2017,0.02981
Central African Republic,CAF,2018,0.02622
Central African Republic,CAF,2019,0.02622
Central African Republic,CAF,2020,0.0176
Chad,TCD,1961,0.08
Chad,TCD,1962,0.12
Chad,TCD,1963,0.09
Chad,TCD,1964,0.17
Chad,TCD,1965,0.16
Chad,TCD,1966,0.13
Chad,TCD,1967,0.17
Chad,TCD,1968,0.16
Chad,TCD,1969,0.13
Chad,TCD,1970,0.1
Chad,TCD,1971,0.09
Chad,TCD,1972,0.09
Chad,TCD,1973,0.07
Chad,TCD,1974,0.05
Chad,TCD,1975,0.06
Chad,TCD,1976,0.07
Chad,TCD,1977,0.07
Chad,TCD,1978,0.06
Chad,TCD,1979,0.02
Chad,TCD,1980,0.01
Chad,TCD,1981,0.01
Chad,TCD,1982,0.01
Chad,TCD,1983,0
Chad,TCD,1984,0.04
Chad,TCD,1985,0.05
Chad,TCD,1986,0.02
Chad,TCD,1987,0.02
Chad,TCD,1988,0.01
Chad,TCD,1989,0.01
Chad,TCD,1990,0.18
Chad,TCD,1991,0.21
Chad,TCD,1992,0.19
Chad,TCD,1993,0.14
Chad,TCD,1994,0.15
Chad,TCD,1995,0.09
Chad,TCD,1996,0.25
Chad,TCD,1997,0.16
Chad,TCD,1998,0.12
Chad,TCD,1999,0.1
Chad,TCD,2000,0.00543
Chad,TCD,2001,0.00543
Chad,TCD,2002,0.00523
Chad,TCD,2003,0.00666
Chad,TCD,2004,0.00803
Chad,TCD,2005,0.00936
Chad,TCD,2006,0.00976
Chad,TCD,2007,0.01157
Chad,TCD,2008,0.01669
Chad,TCD,2009,0.02546
Chad,TCD,2010,0.03567
Chad,TCD,2011,0.04031
Chad,TCD,2012,0.04019
Chad,TCD,2013,0.03296
Chad,TCD,2014,0.02291
Chad,TCD,2015,0.01324
Chad,TCD,2016,0.00737
Chad,TCD,2017,0.00563
Chad,TCD,2018,0.00395
Chad,TCD,2019,0.00395
Chad,TCD,2020,0.00273
Chile,CHL,1963,9.15
Chile,CHL,1964,9.44
Chile,CHL,1965,6.96
Chile,CHL,1966,8.82
Chile,CHL,1967,8.89
Chile,CHL,1968,9.18
Chile,CHL,1969,6.92
Chile,CHL,1970,6.74
Chile,CHL,1971,8.62
Chile,CHL,1972,9.79
Chile,CHL,1973,8.86
Chile,CHL,1974,7.58
Chile,CHL,1975,6.9
Chile,CHL,1976,7.4
Chile,CHL,1977,8.09
Chile,CHL,1978,7.41
Chile,CHL,1979,7.81
Chile,CHL,1980,7.62
Chile,CHL,1981,7.08
Chile,CHL,1982,8.84
Chile,CHL,1983,6.29
Chile,CHL,1984,6.36
Chile,CHL,1985,5.96
Chile,CHL,1986,5.14
Chile,CHL,1987,5.41
Chile,CHL,1988,5.36
Chile,CHL,1989,4.43
Chile,CHL,1990,4.37
Chile,CHL,1991,3.8
Chile,CHL,1992,3.52
Chile,CHL,1993,3.19
Chile,CHL,1994,3.34
Chile,CHL,1995,3.38
Chile,CHL,1996,2.45
Chile,CHL,1997,2.02
Chile,CHL,1998,2.78
Chile,CHL,1999,2.81
Chile,CHL,2000,2.40333
Chile,CHL,2001,2.40333
Chile,CHL,2002,2.45333
Chile,CHL,2003,2.50667
Chile,CHL,2004,2.57667
Chile,CHL,2005,2.45
Chile,CHL,2006,2.54667
Chile,CHL,2007,2.40667
Chile,CHL,2008,2.61667
Chile,CHL,2009,2.70667
Chile,CHL,2010,2.82
Chile,CHL,2011,2.75333
Chile,CHL,2012,2.51
Chile,CHL,2013,2.62333
Chile,CHL,2014,2.61
Chile,CHL,2015,2.42
Chile,CHL,2016,1.81667
Chile,CHL,2017,1.47
Chile,CHL,2018,1.64667
Chile,CHL,2019,1.64667
Chile,CHL,2020,2.29718
China,CHN,1961,0
China,CHN,1962,0
China,CHN,1963,0
China,CHN,1964,0
China,CHN,1965,0
China,CHN,1966,0
China,CHN,1967,0
China,CHN,1968,0
China,CHN,1969,0
China,CHN,1970,0
China,CHN,1971,0
China,CHN,1972,0
China,CHN,1973,0
China,CHN,1974,0
China,CHN,1975,0
China,CHN,1976,0
China,CHN,1977,0
China,CHN,1978,0
China,CHN,1979,0.01
China,CHN,1980,0.02
China,CHN,1981,0.02
China,CHN,1982,0.02
China,CHN,1983,0.03
China,CHN,1984,0.03
China,CHN,1985,0.04
China,CHN,1986,0.05
China,CHN,1987,0.05
China,CHN,1988,0.05
China,CHN,1989,0.05
China,CHN,1990,0.04
China,CHN,1991,0.05
China,CHN,1992,0.04
China,CHN,1993,0.04
China,CHN,1994,0.04
China,CHN,1995,0.05
China,CHN,1996,0.2
China,CHN,1997,0.23
China,CHN,1998,0.33
China,CHN,1999,0.34
China,CHN,2000,0.02983
China,CHN,2001,0.02983
China,CHN,2002,0.03487
China,CHN,2003,0.03872
China,CHN,2004,0.04359
China,CHN,2005,0.04859
China,CHN,2006,0.05895
China,CHN,2007,0.068
China,CHN,2008,0.08424
China,CHN,2009,0.09876
China,CHN,2010,0.11437
China,CHN,2011,0.14216
China,CHN,2012,0.15774
China,CHN,2013,0.17028
China,CHN,2014,0.16683
China,CHN,2015,0.17332
China,CHN,2016,0.18086
China,CHN,2017,0.16803
China,CHN,2018,0.14466
China,CHN,2019,0.14466
China,CHN,2020,0.08907
Colombia,COL,1961,0.01
Colombia,COL,1962,0.01
Colombia,COL,1963,0.01
Colombia,COL,1964,0.01
Colombia,COL,1965,0.01
Colombia,COL,1966,0.02
Colombia,COL,1967,0.01
Colombia,COL,1968,0.01
Colombia,COL,1969,0.01
Colombia,COL,1970,0.01
Colombia,COL,1971,0.01
Colombia,COL,1972,0.01
Colombia,COL,1973,0.02
Colombia,COL,1974,0.02
Colombia,COL,1975,0.01
Colombia,COL,1976,0.02
Colombia,COL,1977,0.02
Colombia,COL,1978,0.02
Colombia,COL,1979,0.02
Colombia,COL,1980,0.17
Colombia,COL,1981,0.15
Colombia,COL,1982,0.14
Colombia,COL,1983,0.12
Colombia,COL,1984,0.12
Colombia,COL,1985,0.16
Colombia,COL,1986,0.15
Colombia,COL,1987,0.14
Colombia,COL,1988,0.14
Colombia,COL,1989,0.12
Colombia,COL,1990,0.12
Colombia,COL,1991,0.1
Colombia,COL,1992,0.08
Colombia,COL,1993,0.08
Colombia,COL,1994,0.08
Colombia,COL,1995,0.08
Colombia,COL,1996,0.07
Colombia,COL,1997,0.07
Colombia,COL,1998,0.07
Colombia,COL,1999,0.07
Colombia,COL,2000,0.03329
Colombia,COL,2001,0.03329
Colombia,COL,2002,0.03579
Colombia,COL,2003,0.0379
Colombia,COL,2004,0.03938
Colombia,COL,2005,0.04368
Colombia,COL,2006,0.04782
Colombia,COL,2007,0.04818
Colombia,COL,2008,0.04994
Colombia,COL,2009,0.05042
Colombia,COL,2010,0.05052
Colombia,COL,2011,0.04794
Colombia,COL,2012,0.04789
Colombia,COL,2013,0.05043
Colombia,COL,2014,0.05335
Colombia,COL,2015,0.05493
Colombia,COL,2016,0.05592
Colombia,COL,2017,0.05669
Colombia,COL,2018,0.05894
Colombia,COL,2019,0.05894
Colombia,COL,2020,0.07061
Comoros,COM,1961,0.08
Comoros,COM,1962,0.09
Comoros,COM,1963,0.17
Comoros,COM,1964,0.1
Comoros,COM,1965,0.11
Comoros,COM,1966,0.18
Comoros,COM,1967,0.15
Comoros,COM,1968,0.15
Comoros,COM,1969,0.11
Comoros,COM,1970,0.13
Comoros,COM,1971,0.16
Comoros,COM,1972,0.16
Comoros,COM,1973,0.15
Comoros,COM,1974,0.15
Comoros,COM,1975,0.15
Comoros,COM,1976,0.12
Comoros,COM,1977,0.08
Comoros,COM,1978,0.07
Comoros,COM,1979,0.04
Comoros,COM,1980,0.04
Comoros,COM,1981,0.05
Comoros,COM,1982,0.05
Comoros,COM,1983,0.05
Comoros,COM,1984,0.11
Comoros,COM,1985,0.05
Comoros,COM,1986,0.13
Comoros,COM,1987,0.05
Comoros,COM,1988,0.05
Comoros,COM,1989,0.09
Comoros,COM,1990,0.17
Comoros,COM,1991,0.12
Comoros,COM,1992,0.1
Comoros,COM,1993,0.1
Comoros,COM,1994,0.08
Comoros,COM,1995,0.06
Comoros,COM,1996,0.03
Comoros,COM,1997,0.04
Comoros,COM,1998,0.04
Comoros,COM,1999,0.04
Comoros,COM,2000,0.03833
Comoros,COM,2001,0.03833
Comoros,COM,2002,0.04921
Comoros,COM,2003,0.05978
Comoros,COM,2004,0.05872
Comoros,COM,2005,0.04568
Comoros,COM,2006,0.03304
Comoros,COM,2007,0.03212
Comoros,COM,2008,0.03122
Comoros,COM,2009,0.03036
Comoros,COM,2010,0.02953
Comoros,COM,2011,0.03805
Comoros,COM,2012,0.04636
Comoros,COM,2013,0.05444
Comoros,COM,2014,0.0444
Comoros,COM,2015,0.05138
Comoros,COM,2016,0.0582
Comoros,COM,2017,0.07345
Comoros,COM,2018,0.07155
Comoros,COM,2019,0.07155
Comoros,COM,2020,0.06789
Congo,COG,1961,0.01
Congo,COG,1962,0.02
Congo,COG,1963,0.02
Congo,COG,1964,0.02
Congo,COG,1965,0.04
Congo,COG,1966,0.02
Congo,COG,1967,0.02
Congo,COG,1968,0.03
Congo,COG,1969,0.02
Congo,COG,1970,0.02
Congo,COG,1971,0.02
Congo,COG,1972,0.02
Congo,COG,1973,0.03
Congo,COG,1974,0.01
Congo,COG,1975,0.01
Congo,COG,1976,0.02
Congo,COG,1977,0
Congo,COG,1978,0.01
Congo,COG,1979,0
Congo,COG,1980,0.01
Congo,COG,1981,0.01
Congo,COG,1982,0.01
Congo,COG,1983,0.01
Congo,COG,1984,0.01
Congo,COG,1985,0.01
Congo,COG,1986,0
Congo,COG,1987,0.01
Congo,COG,1988,0
Congo,COG,1989,0
Congo,COG,1990,0.3
Congo,COG,1991,0.24
Congo,COG,1992,0.3
Congo,COG,1993,0.29
Congo,COG,1994,0.25
Congo,COG,1995,0.32
Congo,COG,1996,0.26
Congo,COG,1997,0.31
Congo,COG,1998,0.28
Congo,COG,1999,0.18
Congo,COG,2000,0.22944
Congo,COG,2001,0.22944
Congo,COG,2002,0.21971
Congo,COG,2003,0.22364
Congo,COG,2004,0.21147
Congo,COG,2005,0.22641
Congo,COG,2006,0.19255
Congo,COG,2007,0.22078
Congo,COG,2008,0.22204
Congo,COG,2009,0.23718
Congo,COG,2010,0.19984
Congo,COG,2011,0.20347
Congo,COG,2012,0.18937
Congo,COG,2013,0.17713
Congo,COG,2014,0.14624
Congo,COG,2015,0.12934
Congo,COG,2016,0.11959
Congo,COG,2017,0.09498
Congo,COG,2018,0.07478
Congo,COG,2019,0.07478
Congo,COG,2020,0.08146
Cook Islands,COK,1990,0.84
Cook Islands,COK,1991,0.61
Cook Islands,COK,1992,1.06
Cook Islands,COK,1993,0.74
Cook Islands,COK,1994,0.63
Cook Islands,COK,1995,0.53
Cook Islands,COK,1996,0.64
Cook Islands,COK,1997,0.5
Cook Islands,COK,1998,0.52
Cook Islands,COK,1999,0.58
Cook Islands,COK,2000,0.96461
Cook Islands,COK,2001,0.96461
Cook Islands,COK,2002,1.06277
Cook Islands,COK,2003,1.21744
Cook Islands,COK,2004,1.31629
Cook Islands,COK,2005,1.54947
Cook Islands,COK,2006,2.00155
Cook Islands,COK,2007,2.29909
Cook Islands,COK,2008,2.45988
Cook Islands,COK,2009,2.51448
Cook Islands,COK,2010,2.4705
Cook Islands,COK,2011,2.66199
Cook Islands,COK,2012,2.27539
Cook Islands,COK,2013,2.0891
Cook Islands,COK,2014,1.73736
Cook Islands,COK,2015,1.79448
Cook Islands,COK,2016,1.9026
Cook Islands,COK,2017,1.9026
Cook Islands,COK,2018,1.9026
Cook Islands,COK,2019,1.9026
Cook Islands,COK,2020,1.75515
Costa Rica,CRI,1961,0.06
Costa Rica,CRI,1962,0.04
Costa Rica,CRI,1963,0.05
Costa Rica,CRI,1964,0.05
Costa Rica,CRI,1965,0.06
Costa Rica,CRI,1966,0.03
Costa Rica,CRI,1967,0.05
Costa Rica,CRI,1968,0.05
Costa Rica,CRI,1969,0.04
Costa Rica,CRI,1970,0.06
Costa Rica,CRI,1971,0.04
Costa Rica,CRI,1972,0.03
Costa Rica,CRI,1973,0.03
Costa Rica,CRI,1974,0.03
Costa Rica,CRI,1975,0.02
Costa Rica,CRI,1976,0.04
Costa Rica,CRI,1977,0.19
Costa Rica,CRI,1978,0.14
Costa Rica,CRI,1979,0.11
Costa Rica,CRI,1980,0.11
Costa Rica,CRI,1981,0.06
Costa Rica,CRI,1982,0.04
Costa Rica,CRI,1983,0.05
Costa Rica,CRI,1984,0.06
Costa Rica,CRI,1985,0.05
Costa Rica,CRI,1986,0.07
Costa Rica,CRI,1987,0.08
Costa Rica,CRI,1988,0.09
Costa Rica,CRI,1989,0.1
Costa Rica,CRI,1990,0.11
Costa Rica,CRI,1991,0.09
Costa Rica,CRI,1992,0.06
Costa Rica,CRI,1993,0.05
Costa Rica,CRI,1994,0.13
Costa Rica,CRI,1995,0.11
Costa Rica,CRI,1996,0.12
Costa Rica,CRI,1997,0.16
Costa Rica,CRI,1998,0.16
Costa Rica,CRI,1999,0.18
Costa Rica,CRI,2000,0.17511
Costa Rica,CRI,2001,0.17511
Costa Rica,CRI,2002,0.18723
Costa Rica,CRI,2003,0.19872
Costa Rica,CRI,2004,0.20163
Costa Rica,CRI,2005,0.23345
Costa Rica,CRI,2006,0.2644
Costa Rica,CRI,2007,0.29002
Costa Rica,CRI,2008,0.2463
Costa Rica,CRI,2009,0.25532
Costa Rica,CRI,2010,0.21081
Costa Rica,CRI,2011,0.20611
Costa Rica,CRI,2012,0.14555
Costa Rica,CRI,2013,0.14525
Costa Rica,CRI,2014,0.14766
Costa Rica,CRI,2015,0.15573
Costa Rica,CRI,2016,0.15969
Costa Rica,CRI,2017,0.16247
Costa Rica,CRI,2018,0.15507
Costa Rica,CRI,2019,0.15507
Costa Rica,CRI,2020,0.14647
Cote d'Ivoire,CIV,1961,1.8
Cote d'Ivoire,CIV,1962,1.58
Cote d'Ivoire,CIV,1963,1.75
Cote d'Ivoire,CIV,1964,2.08
Cote d'Ivoire,CIV,1965,1.89
Cote d'Ivoire,CIV,1966,1.87
Cote d'Ivoire,CIV,1967,1.49
Cote d'Ivoire,CIV,1968,1.77
Cote d'Ivoire,CIV,1969,1.36
Cote d'Ivoire,CIV,1970,1.1
Cote d'Ivoire,CIV,1971,1.59
Cote d'Ivoire,CIV,1972,1.5
Cote d'Ivoire,CIV,1973,1.41
Cote d'Ivoire,CIV,1974,1.66
Cote d'Ivoire,CIV,1975,1.79
Cote d'Ivoire,CIV,1976,1.97
Cote d'Ivoire,CIV,1977,2.68
Cote d'Ivoire,CIV,1978,2.43
Cote d'Ivoire,CIV,1979,1.8
Cote d'Ivoire,CIV,1980,1.99
Cote d'Ivoire,CIV,1981,2.33
Cote d'Ivoire,CIV,1982,2.09
Cote d'Ivoire,CIV,1983,1.43
Cote d'Ivoire,CIV,1984,1.4
Cote d'Ivoire,CIV,1985,1.62
Cote d'Ivoire,CIV,1986,1.26
Cote d'Ivoire,CIV,1987,1.01
Cote d'Ivoire,CIV,1988,0.93
Cote d'Ivoire,CIV,1989,0.86
Cote d'Ivoire,CIV,1990,0.33
Cote d'Ivoire,CIV,1991,0.38
Cote d'Ivoire,CIV,1992,0.3
Cote d'Ivoire,CIV,1993,0.25
Cote d'Ivoire,CIV,1994,0.22
Cote d'Ivoire,CIV,1995,0.28
Cote d'Ivoire,CIV,1996,0.3
Cote d'Ivoire,CIV,1997,0.32
Cote d'Ivoire,CIV,1998,0.32
Cote d'Ivoire,CIV,1999,0.29
Cote d'Ivoire,CIV,2000,0.3121
Cote d'Ivoire,CIV,2001,0.3121
Cote d'Ivoire,CIV,2002,0.33529
Cote d'Ivoire,CIV,2003,0.29076
Cote d'Ivoire,CIV,2004,0.2312
Cote d'Ivoire,CIV,2005,0.17317
Cote d'Ivoire,CIV,2006,0.18174
Cote d'Ivoire,CIV,2007,0.20543
Cote d'Ivoire,CIV,2008,0.24796
Cote d'Ivoire,CIV,2009,0.28416
Cote d'Ivoire,CIV,2010,0.29873
Cote d'Ivoire,CIV,2011,0.29367
Cote d'Ivoire,CIV,2012,0.28253
Cote d'Ivoire,CIV,2013,0.27954
Cote d'Ivoire,CIV,2014,0.29429
Cote d'Ivoire,CIV,2015,0.32568
Cote d'Ivoire,CIV,2016,0.3631
Cote d'Ivoire,CIV,2017,0.37718
Cote d'Ivoire,CIV,2018,0.36357
Cote d'Ivoire,CIV,2019,0.36357
Cote d'Ivoire,CIV,2020,0.31421
Croatia,HRV,1987,6.58
Croatia,HRV,1988,5.03
Croatia,HRV,1989,5.1
Croatia,HRV,1990,7.6
Croatia,HRV,1991,6.13
Croatia,HRV,1992,6.3
Croatia,HRV,1993,6
Croatia,HRV,1994,5.3
Croatia,HRV,1995,4.95
Croatia,HRV,1996,5.4
Croatia,HRV,1997,6.81
Croatia,HRV,1998,6.78
Croatia,HRV,1999,6.57
Croatia,HRV,2000,6.2813
Croatia,HRV,2001,6.2813
Croatia,HRV,2002,6.20743
Croatia,HRV,2003,5.91831
Croatia,HRV,2004,5.10759
Croatia,HRV,2005,4.65859
Croatia,HRV,2006,4.40964
Croatia,HRV,2007,4.56041
Croatia,HRV,2008,4.68388
Croatia,HRV,2009,4.81713
Croatia,HRV,2010,4.93576
Croatia,HRV,2011,4.94923
Croatia,HRV,2012,4.77582
Croatia,HRV,2013,4.39943
Croatia,HRV,2014,4.05842
Croatia,HRV,2015,3.90024
Croatia,HRV,2016,3.82069
Croatia,HRV,2017,3.74081
Croatia,HRV,2018,3.55523
Croatia,HRV,2019,3.55523
Croatia,HRV,2020,2.99632
Cuba,CUB,1961,0.02
Cuba,CUB,1962,0.01
Cuba,CUB,1963,0.14
Cuba,CUB,1964,0.16
Cuba,CUB,1965,0.11
Cuba,CUB,1966,0.09
Cuba,CUB,1967,0.1
Cuba,CUB,1968,0.19
Cuba,CUB,1969,0.06
Cuba,CUB,1970,0.19
Cuba,CUB,1971,0.05
Cuba,CUB,1972,0.04
Cuba,CUB,1973,0.1
Cuba,CUB,1974,0.02
Cuba,CUB,1975,0.03
Cuba,CUB,1976,0.08
Cuba,CUB,1977,0.08
Cuba,CUB,1978,0.04
Cuba,CUB,1979,0.04
Cuba,CUB,1980,0.05
Cuba,CUB,1981,0.07
Cuba,CUB,1982,0.06
Cuba,CUB,1983,0.06
Cuba,CUB,1984,0.06
Cuba,CUB,1985,0.07
Cuba,CUB,1986,0.04
Cuba,CUB,1987,0.06
Cuba,CUB,1988,0.06
Cuba,CUB,1989,0.05
Cuba,CUB,1990,0.04
Cuba,CUB,1991,0.01
Cuba,CUB,1992,0.01
Cuba,CUB,1993,0.01
Cuba,CUB,1994,0.01
Cuba,CUB,1995,0.01
Cuba,CUB,1996,0.02
Cuba,CUB,1997,0.02
Cuba,CUB,1998,0.03
Cuba,CUB,1999,0.23
Cuba,CUB,2000,0.22537
Cuba,CUB,2001,0.22537
Cuba,CUB,2002,0.20886
Cuba,CUB,2003,0.22083
Cuba,CUB,2004,0.21879
Cuba,CUB,2005,0.20777
Cuba,CUB,2006,0.18162
Cuba,CUB,2007,0.19016
Cuba,CUB,2008,0.20196
Cuba,CUB,2009,0.20804
Cuba,CUB,2010,0.20872
Cuba,CUB,2011,0.21309
Cuba,CUB,2012,0.21859
Cuba,CUB,2013,0.22402
Cuba,CUB,2014,0.2256
Cuba,CUB,2015,0.22735
Cuba,CUB,2016,0.22966
Cuba,CUB,2017,0.23042
Cuba,CUB,2018,0.22406
Cuba,CUB,2019,0.22406
Cuba,CUB,2020,0.20287
Cyprus,CYP,1961,2.31
Cyprus,CYP,1962,1.53
Cyprus,CYP,1963,2.26
Cyprus,CYP,1964,2.25
Cyprus,CYP,1965,2.23
Cyprus,CYP,1966,1.51
Cyprus,CYP,1967,1.88
Cyprus,CYP,1968,1.46
Cyprus,CYP,1969,1.44
Cyprus,CYP,1970,1.43
Cyprus,CYP,1971,1.42
Cyprus,CYP,1972,1.41
Cyprus,CYP,1973,1.32
Cyprus,CYP,1974,1.25
Cyprus,CYP,1975,1.22
Cyprus,CYP,1976,1.19
Cyprus,CYP,1977,1.23
Cyprus,CYP,1978,1.39
Cyprus,CYP,1979,1.42
Cyprus,CYP,1980,1.48
Cyprus,CYP,1981,1.61
Cyprus,CYP,1982,1.77
Cyprus,CYP,1983,1.77
Cyprus,CYP,1984,1.89
Cyprus,CYP,1985,1.91
Cyprus,CYP,1986,1.9
Cyprus,CYP,1987,2.12
Cyprus,CYP,1988,2.2
Cyprus,CYP,1989,2.18
Cyprus,CYP,1990,2.15
Cyprus,CYP,1991,1.89
Cyprus,CYP,1992,2.26
Cyprus,CYP,1993,2.08
Cyprus,CYP,1994,2.21
Cyprus,CYP,1995,2.28
Cyprus,CYP,1996,2.14
Cyprus,CYP,1997,2.05
Cyprus,CYP,1998,2.03
Cyprus,CYP,1999,2.32
Cyprus,CYP,2000,2.06359
Cyprus,CYP,2001,2.06359
Cyprus,CYP,2002,2.0587
Cyprus,CYP,2003,2.10202
Cyprus,CYP,2004,2.12591
Cyprus,CYP,2005,2.23845
Cyprus,CYP,2006,2.31419
Cyprus,CYP,2007,2.36299
Cyprus,CYP,2008,2.27947
Cyprus,CYP,2009,2.21805
Cyprus,CYP,2010,2.11345
Cyprus,CYP,2011,2.1192
Cyprus,CYP,2012,2.07132
Cyprus,CYP,2013,2.13238
Cyprus,CYP,2014,2.16185
Cyprus,CYP,2015,2.22157
Cyprus,CYP,2016,2.20402
Cyprus,CYP,2017,2.20637
Cyprus,CYP,2018,2.20993
Cyprus,CYP,2019,2.20993
Cyprus,CYP,2020,1.92425
Czechia,CZE,1961,2
Czechia,CZE,1962,1.81
Czechia,CZE,1963,1.58
Czechia,CZE,1964,1.99
Czechia,CZE,1965,2.25
Czechia,CZE,1966,2.07
Czechia,CZE,1967,1.97
Czechia,CZE,1968,1.69
Czechia,CZE,1969,1.85
Czechia,CZE,1970,2.04
Czechia,CZE,1971,2.12
Czechia,CZE,1972,2.04
Czechia,CZE,1973,2.04
Czechia,CZE,1974,2.16
Czechia,CZE,1975,2.31
Czechia,CZE,1976,2.34
Czechia,CZE,1977,2.45
Czechia,CZE,1978,2.5
Czechia,CZE,1979,2.22
Czechia,CZE,1980,2.23
Czechia,CZE,1981,2.3
Czechia,CZE,1982,2.11
Czechia,CZE,1983,2.11
Czechia,CZE,1984,2.24
Czechia,CZE,1985,2.3
Czechia,CZE,1986,1.76
Czechia,CZE,1987,1.96
Czechia,CZE,1988,1.85
Czechia,CZE,1989,1.95
Czechia,CZE,1991,2.12
Czechia,CZE,1992,2.13
Czechia,CZE,1993,2.16
Czechia,CZE,1994,2.15
Czechia,CZE,1995,2.14
Czechia,CZE,1996,2.18
Czechia,CZE,1997,2.18
Czechia,CZE,1998,2.18
Czechia,CZE,1999,2.18
Czechia,CZE,2000,2.3025
Czechia,CZE,2001,2.3025
Czechia,CZE,2002,2.30137
Czechia,CZE,2003,2.30714
Czechia,CZE,2004,2.32785
Czechia,CZE,2005,2.36401
Czechia,CZE,2006,2.45232
Czechia,CZE,2007,2.52752
Czechia,CZE,2008,2.59364
Czechia,CZE,2009,2.63323
Czechia,CZE,2010,2.67555
Czechia,CZE,2011,2.72927
Czechia,CZE,2012,2.70509
Czechia,CZE,2013,2.71388
Czechia,CZE,2014,2.67615
Czechia,CZE,2015,2.71646
Czechia,CZE,2016,2.71384
Czechia,CZE,2017,2.7855
Czechia,CZE,2018,2.81979
Czechia,CZE,2019,2.81979
Czechia,CZE,2020,2.75459
Democratic Republic of Congo,COD,1961,0.01
Democratic Republic of Congo,COD,1962,0.02
Democratic Republic of Congo,COD,1963,0.02
Democratic Republic of Congo,COD,1964,0.02
Democratic Republic of Congo,COD,1965,0.04
Democratic Republic of Congo,COD,1966,0.02
Democratic Republic of Congo,COD,1967,0.02
Democratic Republic of Congo,COD,1968,0.03
Democratic Republic of Congo,COD,1969,0.02
Democratic Republic of Congo,COD,1970,0.02
Democratic Republic of Congo,COD,1971,0.02
Democratic Republic of Congo,COD,1972,0.02
Democratic Republic of Congo,COD,1973,0.03
Democratic Republic of Congo,COD,1974,0.01
Democratic Republic of Congo,COD,1975,0.01
Democratic Republic of Congo,COD,1976,0.02
Democratic Republic of Congo,COD,1977,0
Democratic Republic of Congo,COD,1978,0.01
Democratic Republic of Congo,COD,1979,0
Democratic Republic of Congo,COD,1980,0.01
Democratic Republic of Congo,COD,1981,0.01
Democratic Republic of Congo,COD,1982,0.01
Democratic Republic of Congo,COD,1983,0.01
Democratic Republic of Congo,COD,1984,0.01
Democratic Republic of Congo,COD,1985,0.01
Democratic Republic of Congo,COD,1986,0
Democratic Republic of Congo,COD,1987,0.01
Democratic Republic of Congo,COD,1988,0
Democratic Republic of Congo,COD,1989,0
Democratic Republic of Congo,COD,1990,0
Democratic Republic of Congo,COD,1991,0.05
Democratic Republic of Congo,COD,1992,0
Democratic Republic of Congo,COD,1993,0
Democratic Republic of Congo,COD,1994,0
Democratic Republic of Congo,COD,1995,0
Democratic Republic of Congo,COD,1996,0
Democratic Republic of Congo,COD,1997,0
Democratic Republic of Congo,COD,1998,0.01
Democratic Republic of Congo,COD,1999,0
Democratic Republic of Congo,COD,2000,0.00167
Democratic Republic of Congo,COD,2001,0.00167
Democratic Republic of Congo,COD,2002,0.00248
Democratic Republic of Congo,COD,2003,0.00396
Democratic Republic of Congo,COD,2004,0.00621
Democratic Republic of Congo,COD,2005,0.00857
Democratic Republic of Congo,COD,2006,0.01105
Democratic Republic of Congo,COD,2007,0.01216
Democratic Republic of Congo,COD,2008,0.0117
Democratic Republic of Congo,COD,2009,0.01116
Democratic Republic of Congo,COD,2010,0.0107
Democratic Republic of Congo,COD,2011,0.01072
Democratic Republic of Congo,COD,2012,0.01025
Democratic Republic of Congo,COD,2013,0.00994
Democratic Republic of Congo,COD,2014,0.00942
Democratic Republic of Congo,COD,2015,0.00786
Democratic Republic of Congo,COD,2016,0.0072
Democratic Republic of Congo,COD,2017,0.00746
Democratic Republic of Congo,COD,2018,0.00854
Democratic Republic of Congo,COD,2019,0.00854
Democratic Republic of Congo,COD,2020,0.00816
Denmark,DNK,1961,0.53
Denmark,DNK,1962,0.56
Denmark,DNK,1963,0.48
Denmark,DNK,1964,0.55
Denmark,DNK,1965,0.59
Denmark,DNK,1966,0.6
Denmark,DNK,1967,0.63
Denmark,DNK,1968,0.63
Denmark,DNK,1969,0.73
Denmark,DNK,1970,0.85
Denmark,DNK,1971,0.96
Denmark,DNK,1972,1.07
Denmark,DNK,1973,1.53
Denmark,DNK,1974,1.38
Denmark,DNK,1975,1.63
Denmark,DNK,1976,1.77
Denmark,DNK,1977,1.65
Denmark,DNK,1978,1.71
Denmark,DNK,1979,1.94
Denmark,DNK,1980,1.95
Denmark,DNK,1981,2.22
Denmark,DNK,1982,2.39
Denmark,DNK,1983,2.58
Denmark,DNK,1984,2.56
Denmark,DNK,1985,2.79
Denmark,DNK,1986,2.66
Denmark,DNK,1987,2.75
Denmark,DNK,1988,2.88
Denmark,DNK,1989,2.55
Denmark,DNK,1990,2.82
Denmark,DNK,1991,2.92
Denmark,DNK,1992,3.22
Denmark,DNK,1993,3.34
Denmark,DNK,1994,3.48
Denmark,DNK,1995,3.68
Denmark,DNK,1996,3.78
Denmark,DNK,1997,3.93
Denmark,DNK,1998,3.91
Denmark,DNK,1999,4.01
Denmark,DNK,2000,4.51282
Denmark,DNK,2001,4.51282
Denmark,DNK,2002,4.49445
Denmark,DNK,2003,4.40244
Denmark,DNK,2004,4.40585
Denmark,DNK,2005,4.36406
Denmark,DNK,2006,4.39697
Denmark,DNK,2007,4.40826
Denmark,DNK,2008,4.42196
Denmark,DNK,2009,4.59012
Denmark,DNK,2010,4.77977
Denmark,DNK,2011,4.68391
Denmark,DNK,2012,4.48017
Denmark,DNK,2013,4.23813
Denmark,DNK,2014,4.29235
Denmark,DNK,2015,4.27347
Denmark,DNK,2016,4.21809
Denmark,DNK,2017,4.20506
Denmark,DNK,2018,4.14719
Denmark,DNK,2019,4.14719
Denmark,DNK,2020,4.38718
Djibouti,DJI,1961,2.39
Djibouti,DJI,1962,2.9
Djibouti,DJI,1963,2.34
Djibouti,DJI,1964,2.55
Djibouti,DJI,1965,2.18
Djibouti,DJI,1966,2.4
Djibouti,DJI,1967,2.04
Djibouti,DJI,1968,2.34
Djibouti,DJI,1969,1.75
Djibouti,DJI,1970,1.67
Djibouti,DJI,1971,1.63
Djibouti,DJI,1972,1.71
Djibouti,DJI,1973,1.64
Djibouti,DJI,1974,1.41
Djibouti,DJI,1975,1.06
Djibouti,DJI,1976,0.75
Djibouti,DJI,1977,0.76
Djibouti,DJI,1978,0.51
Djibouti,DJI,1979,0.58
Djibouti,DJI,1980,0.48
Djibouti,DJI,1981,0.52
Djibouti,DJI,1982,0.49
Djibouti,DJI,1983,0.63
Djibouti,DJI,1984,0.51
Djibouti,DJI,1985,0.52
Djibouti,DJI,1986,0.34
Djibouti,DJI,1987,0.38
Djibouti,DJI,1988,0.31
Djibouti,DJI,1989,0.27
Djibouti,DJI,1990,0.21
Djibouti,DJI,1991,0.22
Djibouti,DJI,1992,0.16
Djibouti,DJI,1993,0.19
Djibouti,DJI,1994,0.19
Djibouti,DJI,1995,0.12
Djibouti,DJI,1996,0.11
Djibouti,DJI,1997,0.08
Djibouti,DJI,1998,0.07
Djibouti,DJI,1999,0.04
Djibouti,DJI,2000,0.03648
Djibouti,DJI,2001,0.03648
Djibouti,DJI,2002,0.04439
Djibouti,DJI,2003,0.05208
Djibouti,DJI,2004,0.05067
Djibouti,DJI,2005,0.04924
Djibouti,DJI,2006,0.04779
Djibouti,DJI,2007,0.04632
Djibouti,DJI,2008,0.05221
Djibouti,DJI,2009,0.05795
Djibouti,DJI,2010,0.06367
Djibouti,DJI,2011,0.06883
Djibouti,DJI,2012,0.09379
Djibouti,DJI,2013,0.10533
Djibouti,DJI,2014,0.09097
Djibouti,DJI,2015,0.06337
Djibouti,DJI,2016,0.0493
Djibouti,DJI,2017,0.05446
Djibouti,DJI,2018,0.04753
Djibouti,DJI,2019,0.04753
Djibouti,DJI,2020,0.03417
Dominica,DMA,1990,0.12
Dominica,DMA,1991,0.3
Dominica,DMA,1992,0.12
Dominica,DMA,1993,0.75
Dominica,DMA,1994,0.79
Dominica,DMA,1995,0.83
Dominica,DMA,1996,0.51
Dominica,DMA,1997,0.81
Dominica,DMA,1998,0.81
Dominica,DMA,1999,0.29
Dominica,DMA,2000,0.2489
Dominica,DMA,2001,0.2489
Dominica,DMA,2002,0.25388
Dominica,DMA,2003,0.28484
Dominica,DMA,2004,0.28937
Dominica,DMA,2005,0.28612
Dominica,DMA,2006,0.33709
Dominica,DMA,2007,0.25952
Dominica,DMA,2008,0.27761
Dominica,DMA,2009,0.26661
Dominica,DMA,2010,0.3019
Dominica,DMA,2011,0.31459
Dominica,DMA,2012,0.32094
Dominica,DMA,2013,0.30647
Dominica,DMA,2014,0.31147
Dominica,DMA,2015,0.2717
Dominica,DMA,2016,0.28865
Dominica,DMA,2017,0.28865
Dominica,DMA,2018,0.28865
Dominica,DMA,2019,0.28865
Dominica,DMA,2020,0.24508
Dominican Republic,DOM,1961,0
Dominican Republic,DOM,1962,0.01
Dominican Republic,DOM,1963,0.02
Dominican Republic,DOM,1964,0.02
Dominican Republic,DOM,1965,0.01
Dominican Republic,DOM,1966,0.01
Dominican Republic,DOM,1967,0.01
Dominican Republic,DOM,1968,0.02
Dominican Republic,DOM,1969,0.01
Dominican Republic,DOM,1970,0.01
Dominican Republic,DOM,1971,0.02
Dominican Republic,DOM,1972,0.02
Dominican Republic,DOM,1973,0.02
Dominican Republic,DOM,1974,0.03
Dominican Republic,DOM,1975,0.03
Dominican Republic,DOM,1976,0.02
Dominican Republic,DOM,1977,0.05
Dominican Republic,DOM,1978,0.04
Dominican Republic,DOM,1979,0.04
Dominican Republic,DOM,1980,0.03
Dominican Republic,DOM,1981,0.04
Dominican Republic,DOM,1982,0.03
Dominican Republic,DOM,1983,0.01
Dominican Republic,DOM,1984,0.02
Dominican Republic,DOM,1985,0.04
Dominican Republic,DOM,1986,0.06
Dominican Republic,DOM,1987,0.03
Dominican Republic,DOM,1988,0.03
Dominican Republic,DOM,1989,0.04
Dominican Republic,DOM,1990,0.03
Dominican Republic,DOM,1991,0.04
Dominican Republic,DOM,1992,0.04
Dominican Republic,DOM,1993,0.04
Dominican Republic,DOM,1994,0.04
Dominican Republic,DOM,1995,0.07
Dominican Republic,DOM,1996,0.08
Dominican Republic,DOM,1997,0.09
Dominican Republic,DOM,1998,0.12
Dominican Republic,DOM,1999,0.1
Dominican Republic,DOM,2000,0.17059
Dominican Republic,DOM,2001,0.17059
Dominican Republic,DOM,2002,0.13502
Dominican Republic,DOM,2003,0.10693
Dominican Republic,DOM,2004,0.11692
Dominican Republic,DOM,2005,0.1252
Dominican Republic,DOM,2006,0.14049
Dominican Republic,DOM,2007,0.14737
Dominican Republic,DOM,2008,0.14853
Dominican Republic,DOM,2009,0.14357
Dominican Republic,DOM,2010,0.15143
Dominican Republic,DOM,2011,0.16229
Dominican Republic,DOM,2012,0.15519
Dominican Republic,DOM,2013,0.1169
Dominican Republic,DOM,2014,0.09951
Dominican Republic,DOM,2015,0.12654
Dominican Republic,DOM,2016,0.18354
Dominican Republic,DOM,2017,0.20749
Dominican Republic,DOM,2018,0.1792
Dominican Republic,DOM,2019,0.1792
Dominican Republic,DOM,2020,0.12349
East Timor,TLS,1961,0.1
East Timor,TLS,1962,0.07
East Timor,TLS,1963,0.16
East Timor,TLS,1964,0.09
East Timor,TLS,1965,0.15
East Timor,TLS,1966,0.15
East Timor,TLS,1967,0.26
East Timor,TLS,1968,0.2
East Timor,TLS,1969,0.26
East Timor,TLS,1970,0.15
East Timor,TLS,1971,0.24
East Timor,TLS,1972,0.09
East Timor,TLS,1973,0.09
East Timor,TLS,1974,0.15
East Timor,TLS,1975,0
East Timor,TLS,1990,0.07
East Timor,TLS,1991,0.07
East Timor,TLS,1992,0.06
East Timor,TLS,1993,0.05
East Timor,TLS,1994,0.05
East Timor,TLS,1995,0.05
East Timor,TLS,1996,0.04
East Timor,TLS,1997,0.04
East Timor,TLS,1998,0.04
East Timor,TLS,1999,0.03
East Timor,TLS,2000,0.02412
East Timor,TLS,2001,0.02412
East Timor,TLS,2002,0.02359
East Timor,TLS,2003,0.02302
East Timor,TLS,2004,0.02241
East Timor,TLS,2005,0.02183
East Timor,TLS,2006,0.02126
East Timor,TLS,2007,0.02743
East Timor,TLS,2008,0.03995
East Timor,TLS,2009,0.05214
East Timor,TLS,2010,0.06341
East Timor,TLS,2011,0.07984
East Timor,TLS,2012,0.09581
East Timor,TLS,2013,0.08816
East Timor,TLS,2014,0.05765
East Timor,TLS,2015,0.02795
East Timor,TLS,2016,0.02654
East Timor,TLS,2017,0.04129
East Timor,TLS,2018,0.04086
East Timor,TLS,2019,0.04086
East Timor,TLS,2020,0
Ecuador,ECU,1961,0.02
Ecuador,ECU,1962,0.01
Ecuador,ECU,1963,0.01
Ecuador,ECU,1964,0.02
Ecuador,ECU,1965,0.01
Ecuador,ECU,1966,0.01
Ecuador,ECU,1967,0.01
Ecuador,ECU,1968,0.01
Ecuador,ECU,1969,0.01
Ecuador,ECU,1970,0.01
Ecuador,ECU,1971,0.01
Ecuador,ECU,1972,0.02
Ecuador,ECU,1973,0.02
Ecuador,ECU,1974,0.03
Ecuador,ECU,1975,0.03
Ecuador,ECU,1976,0.03
Ecuador,ECU,1977,0.04
Ecuador,ECU,1978,0.05
Ecuador,ECU,1979,0.06
Ecuador,ECU,1980,0.07
Ecuador,ECU,1981,0.06
Ecuador,ECU,1982,0.04
Ecuador,ECU,1983,0.02
Ecuador,ECU,1984,0.02
Ecuador,ECU,1985,0.01
Ecuador,ECU,1986,0.04
Ecuador,ECU,1987,0.05
Ecuador,ECU,1988,0.04
Ecuador,ECU,1989,0.03
Ecuador,ECU,1990,0.02
Ecuador,ECU,1991,0.06
Ecuador,ECU,1992,0.08
Ecuador,ECU,1993,0.13
Ecuador,ECU,1994,0.31
Ecuador,ECU,1995,0.13
Ecuador,ECU,1996,0.13
Ecuador,ECU,1997,0.06
Ecuador,ECU,1998,0.05
Ecuador,ECU,1999,0.03
Ecuador,ECU,2000,0.04059
Ecuador,ECU,2001,0.04059
Ecuador,ECU,2002,0.05133
Ecuador,ECU,2003,0.0587
Ecuador,ECU,2004,0.06282
Ecuador,ECU,2005,0.06575
Ecuador,ECU,2006,0.07125
Ecuador,ECU,2007,0.07596
Ecuador,ECU,2008,0.07331
Ecuador,ECU,2009,0.06759
Ecuador,ECU,2010,0.05957
Ecuador,ECU,2011,0.06242
Ecuador,ECU,2012,0.05776
Ecuador,ECU,2013,0.06596
Ecuador,ECU,2014,0.0625
Ecuador,ECU,2015,0.06375
Ecuador,ECU,2016,0.06181
Ecuador,ECU,2017,0.07033
Ecuador,ECU,2018,0.08119
Ecuador,ECU,2019,0.08119
Ecuador,ECU,2020,0.09367
Egypt,EGY,1961,0.02
Egypt,EGY,1962,0.02
Egypt,EGY,1963,0.01
Egypt,EGY,1964,0.01
Egypt,EGY,1965,0.01
Egypt,EGY,1966,0.02
Egypt,EGY,1967,0.02
Egypt,EGY,1968,0.02
Egypt,EGY,1969,0.01
Egypt,EGY,1970,0
Egypt,EGY,1971,0.01
Egypt,EGY,1972,0
Egypt,EGY,1973,0
Egypt,EGY,1974,0
Egypt,EGY,1975,0
Egypt,EGY,1976,0
Egypt,EGY,1977,0
Egypt,EGY,1978,0.01
Egypt,EGY,1979,0.01
Egypt,EGY,1980,0.01
Egypt,EGY,1981,0.01
Egypt,EGY,1982,0.01
Egypt,EGY,1983,0.01
Egypt,EGY,1984,0.01
Egypt,EGY,1985,0.01
Egypt,EGY,1986,0.01
Egypt,EGY,1987,0.01
Egypt,EGY,1988,0.01
Egypt,EGY,1989,0.01
Egypt,EGY,1990,0.01
Egypt,EGY,1991,0.01
Egypt,EGY,1992,0.01
Egypt,EGY,1993,0.01
Egypt,EGY,1994,0.01
Egypt,EGY,1995,0.01
Egypt,EGY,1996,0.01
Egypt,EGY,1997,0.01
Egypt,EGY,1998,0.01
Egypt,EGY,1999,0.01
Egypt,EGY,2000,0.01017
Egypt,EGY,2001,0.01017
Egypt,EGY,2002,0.01096
Egypt,EGY,2003,0.01065
Egypt,EGY,2004,0.01036
Egypt,EGY,2005,0.01213
Egypt,EGY,2006,0.0167
Egypt,EGY,2007,0.02402
Egypt,EGY,2008,0.02734
Egypt,EGY,2009,0.02506
Egypt,EGY,2010,0.01746
Egypt,EGY,2011,0.01185
Egypt,EGY,2012,0.00915
Egypt,EGY,2013,0.00917
Egypt,EGY,2014,0.00985
Egypt,EGY,2015,0.01057
Egypt,EGY,2016,0.01116
Egypt,EGY,2017,0.01102
Egypt,EGY,2018,0.01069
Egypt,EGY,2019,0.01069
Egypt,EGY,2020,0.01012
El Salvador,SLV,1961,0.01
El Salvador,SLV,1962,0.01
El Salvador,SLV,1963,0.01
El Salvador,SLV,1964,0.01
El Salvador,SLV,1965,0.01
El Salvador,SLV,1966,0.03
El Salvador,SLV,1967,0.01
El Salvador,SLV,1968,0.02
El Salvador,SLV,1969,0.02
El Salvador,SLV,1970,0.01
El Salvador,SLV,1971,0.01
El Salvador,SLV,1972,0.01
El Salvador,SLV,1973,0.02
El Salvador,SLV,1974,0.02
El Salvador,SLV,1975,0.02
El Salvador,SLV,1976,0.03
El Salvador,SLV,1977,0.02
El Salvador,SLV,1978,0.03
El Salvador,SLV,1979,0.03
El Salvador,SLV,1980,0.01
El Salvador,SLV,1981,0.01
El Salvador,SLV,1982,0.01
El Salvador,SLV,1983,0.01
El Salvador,SLV,1984,0.04
El Salvador,SLV,1985,0.01
El Salvador,SLV,1986,0.02
El Salvador,SLV,1987,0.03
El Salvador,SLV,1988,0.02
El Salvador,SLV,1989,0.02
El Salvador,SLV,1990,0.02
El Salvador,SLV,1991,0.03
El Salvador,SLV,1992,0.03
El Salvador,SLV,1993,0.03
El Salvador,SLV,1994,0.05
El Salvador,SLV,1995,0.04
El Salvador,SLV,1996,0.03
El Salvador,SLV,1997,0.03
El Salvador,SLV,1998,0.04
El Salvador,SLV,1999,0.04
El Salvador,SLV,2000,0.04136
El Salvador,SLV,2001,0.04136
El Salvador,SLV,2002,0.03882
El Salvador,SLV,2003,0.03936
El Salvador,SLV,2004,0.04198
El Salvador,SLV,2005,0.04755
El Salvador,SLV,2006,0.05385
El Salvador,SLV,2007,0.05713
El Salvador,SLV,2008,0.05934
El Salvador,SLV,2009,0.05754
El Salvador,SLV,2010,0.05866
El Salvador,SLV,2011,0.05878
El Salvador,SLV,2012,0.05703
El Salvador,SLV,2013,0.0553
El Salvador,SLV,2014,0.05365
El Salvador,SLV,2015,0.05298
El Salvador,SLV,2016,0.05236
El Salvador,SLV,2017,0.0518
El Salvador,SLV,2018,0.0547
El Salvador,SLV,2019,0.0547
El Salvador,SLV,2020,0.06553
Equatorial Guinea,GNQ,1983,0
Equatorial Guinea,GNQ,1984,0
Equatorial Guinea,GNQ,1985,0
Equatorial Guinea,GNQ,1986,1.3
Equatorial Guinea,GNQ,1987,2.07
Equatorial Guinea,GNQ,1988,5.42
Equatorial Guinea,GNQ,1989,5.82
Equatorial Guinea,GNQ,1990,2.29
Equatorial Guinea,GNQ,1991,3.3
Equatorial Guinea,GNQ,1992,2.8
Equatorial Guinea,GNQ,1993,4.37
Equatorial Guinea,GNQ,1994,1.37
Equatorial Guinea,GNQ,1995,1.93
Equatorial Guinea,GNQ,1996,0.75
Equatorial Guinea,GNQ,1997,0.74
Equatorial Guinea,GNQ,1998,0.72
Equatorial Guinea,GNQ,1999,0.7
Equatorial Guinea,GNQ,2000,2.31749
Equatorial Guinea,GNQ,2001,2.31749
Equatorial Guinea,GNQ,2002,2.31749
Equatorial Guinea,GNQ,2003,2.31749
Equatorial Guinea,GNQ,2004,2.31749
Equatorial Guinea,GNQ,2005,2.35647
Equatorial Guinea,GNQ,2006,2.4986
Equatorial Guinea,GNQ,2007,2.76321
Equatorial Guinea,GNQ,2008,2.84207
Equatorial Guinea,GNQ,2009,2.80405
Equatorial Guinea,GNQ,2010,2.57109
Equatorial Guinea,GNQ,2011,2.50822
Equatorial Guinea,GNQ,2012,1.99235
Equatorial Guinea,GNQ,2013,1.63121
Equatorial Guinea,GNQ,2014,1.19742
Equatorial Guinea,GNQ,2015,1.21003
Equatorial Guinea,GNQ,2016,1.15311
Equatorial Guinea,GNQ,2017,1.07362
Equatorial Guinea,GNQ,2018,1.11222
Equatorial Guinea,GNQ,2019,1.11222
Equatorial Guinea,GNQ,2020,1.20757
Eritrea,ERI,1961,0
Eritrea,ERI,1962,0
Eritrea,ERI,1963,0
Eritrea,ERI,1964,0
Eritrea,ERI,1965,0
Eritrea,ERI,1966,0
Eritrea,ERI,1967,0
Eritrea,ERI,1968,0
Eritrea,ERI,1969,0
Eritrea,ERI,1970,0
Eritrea,ERI,1971,0
Eritrea,ERI,1972,0
Eritrea,ERI,1973,0
Eritrea,ERI,1974,0
Eritrea,ERI,1976,0
Eritrea,ERI,1977,0
Eritrea,ERI,1978,0
Eritrea,ERI,1979,0
Eritrea,ERI,1980,0
Eritrea,ERI,1981,0
Eritrea,ERI,1982,0
Eritrea,ERI,1983,0
Eritrea,ERI,1984,0
Eritrea,ERI,1985,0
Eritrea,ERI,1986,0
Eritrea,ERI,1987,0
Eritrea,ERI,1988,0
Eritrea,ERI,1989,0
Eritrea,ERI,1990,0
Eritrea,ERI,1991,0
Eritrea,ERI,1992,0
Eritrea,ERI,1993,0
Eritrea,ERI,1994,0
Eritrea,ERI,1995,0
Eritrea,ERI,1996,0
Eritrea,ERI,1997,0
Eritrea,ERI,1998,0
Eritrea,ERI,1999,0
Eritrea,ERI,2000,0
Eritrea,ERI,2001,0
Eritrea,ERI,2002,0
Eritrea,ERI,2003,0
Eritrea,ERI,2004,0
Eritrea,ERI,2005,0
Eritrea,ERI,2006,0
Eritrea,ERI,2007,0
Eritrea,ERI,2008,0
Eritrea,ERI,2009,0
Eritrea,ERI,2010,0
Eritrea,ERI,2011,0
Eritrea,ERI,2012,0
Eritrea,ERI,2013,0
Eritrea,ERI,2014,0
Eritrea,ERI,2015,0
Eritrea,ERI,2016,0
Eritrea,ERI,2017,0
Eritrea,ERI,2018,0
Eritrea,ERI,2019,0
Eritrea,ERI,2020,0
Estonia,EST,1990,0
Estonia,EST,1991,0
Estonia,EST,1992,0.28
Estonia,EST,1993,0.33
Estonia,EST,1994,0.32
Estonia,EST,1995,0.58
Estonia,EST,1996,0.83
Estonia,EST,1997,0.98
Estonia,EST,1998,1.11
Estonia,EST,1999,0.97
Estonia,EST,2000,0.94333
Estonia,EST,2001,0.94333
Estonia,EST,2002,0.86667
Estonia,EST,2003,1.03
Estonia,EST,2004,1.26333
Estonia,EST,2005,1.47
Estonia,EST,2006,1.4
Estonia,EST,2007,1.41333
Estonia,EST,2008,1.40333
Estonia,EST,2009,1.53333
Estonia,EST,2010,1.63667
Estonia,EST,2011,1.83667
Estonia,EST,2012,2.01333
Estonia,EST,2013,2.12333
Estonia,EST,2014,2.20333
Estonia,EST,2015,2.26
Estonia,EST,2016,2.25667
Estonia,EST,2017,2.14
Estonia,EST,2018,1.99667
Estonia,EST,2019,1.99667
Estonia,EST,2020,1.83
Eswatini,SWZ,1961,0
Eswatini,SWZ,1962,0
Eswatini,SWZ,1963,0
Eswatini,SWZ,1964,0
Eswatini,SWZ,1965,0
Eswatini,SWZ,1966,0
Eswatini,SWZ,1967,0
Eswatini,SWZ,1968,0
Eswatini,SWZ,1969,0.12
Eswatini,SWZ,1970,0.18
Eswatini,SWZ,1971,0.3
Eswatini,SWZ,1972,0.29
Eswatini,SWZ,1973,0.96
Eswatini,SWZ,1974,0.5
Eswatini,SWZ,1975,0.54
Eswatini,SWZ,1976,0.52
Eswatini,SWZ,1977,0.71
Eswatini,SWZ,1978,0.98
Eswatini,SWZ,1979,0.52
Eswatini,SWZ,1980,0.69
Eswatini,SWZ,1981,0.72
Eswatini,SWZ,1982,1.09
Eswatini,SWZ,1983,0.72
Eswatini,SWZ,1984,1.03
Eswatini,SWZ,1985,1.03
Eswatini,SWZ,1986,0
Eswatini,SWZ,1987,0
Eswatini,SWZ,1988,0
Eswatini,SWZ,1989,0
Eswatini,SWZ,1990,0
Eswatini,SWZ,1991,0
Eswatini,SWZ,1992,0
Eswatini,SWZ,1993,0
Eswatini,SWZ,1994,0
Eswatini,SWZ,1995,0
Eswatini,SWZ,1996,0
Eswatini,SWZ,1997,1.08
Eswatini,SWZ,1998,0.72
Eswatini,SWZ,1999,1.07
Eswatini,SWZ,2000,0.74456
Eswatini,SWZ,2001,0.74456
Eswatini,SWZ,2002,0.55532
Eswatini,SWZ,2003,0.04721
Eswatini,SWZ,2004,0.09963
Eswatini,SWZ,2005,0.23661
Eswatini,SWZ,2006,0.34655
Eswatini,SWZ,2007,0.28019
Eswatini,SWZ,2008,0.13572
Eswatini,SWZ,2009,0.03794
Eswatini,SWZ,2010,0.05641
Eswatini,SWZ,2011,0.06833
Eswatini,SWZ,2012,0.07382
Eswatini,SWZ,2013,0.07299
Eswatini,SWZ,2014,0.07218
Eswatini,SWZ,2015,0.07126
Eswatini,SWZ,2016,0.07028
Eswatini,SWZ,2017,0.06924
Eswatini,SWZ,2018,0.06824
Eswatini,SWZ,2019,0.06824
Eswatini,SWZ,2020,0.06614
Ethiopia,ETH,1961,0
Ethiopia,ETH,1962,0
Ethiopia,ETH,1963,0
Ethiopia,ETH,1964,0
Ethiopia,ETH,1965,0
Ethiopia,ETH,1966,0
Ethiopia,ETH,1967,0
Ethiopia,ETH,1968,0
Ethiopia,ETH,1969,0
Ethiopia,ETH,1970,0
Ethiopia,ETH,1971,0
Ethiopia,ETH,1972,0
Ethiopia,ETH,1973,0
Ethiopia,ETH,1974,0
Ethiopia,ETH,1975,0
Ethiopia,ETH,1976,0
Ethiopia,ETH,1977,0
Ethiopia,ETH,1978,0
Ethiopia,ETH,1979,0
Ethiopia,ETH,1980,0
Ethiopia,ETH,1981,0
Ethiopia,ETH,1982,0
Ethiopia,ETH,1983,0
Ethiopia,ETH,1984,0
Ethiopia,ETH,1985,0
Ethiopia,ETH,1986,0
Ethiopia,ETH,1987,0
Ethiopia,ETH,1988,0
Ethiopia,ETH,1989,0
Ethiopia,ETH,1990,0
Ethiopia,ETH,1991,0
Ethiopia,ETH,1992,0
Ethiopia,ETH,1993,0
Ethiopia,ETH,1994,0
Ethiopia,ETH,1995,0
Ethiopia,ETH,1996,0
Ethiopia,ETH,1997,0
Ethiopia,ETH,1998,0.01
Ethiopia,ETH,1999,0.01
Ethiopia,ETH,2000,0.00855
Ethiopia,ETH,2001,0.00855
Ethiopia,ETH,2002,0.00875
Ethiopia,ETH,2003,0.00792
Ethiopia,ETH,2004,0.00834
Ethiopia,ETH,2005,0.00838
Ethiopia,ETH,2006,0.00978
Ethiopia,ETH,2007,0.00785
Ethiopia,ETH,2008,0.00671
Ethiopia,ETH,2009,0.00498
Ethiopia,ETH,2010,0.00482
Ethiopia,ETH,2011,0.00439
Ethiopia,ETH,2012,0.00415
Ethiopia,ETH,2013,0.00478
Ethiopia,ETH,2014,0.00504
Ethiopia,ETH,2015,0.00504
Ethiopia,ETH,2016,0.0038
Ethiopia,ETH,2017,0.00278
Ethiopia,ETH,2018,0.00193
Ethiopia,ETH,2019,0.00193
Ethiopia,ETH,2020,0.00156
Fiji,FJI,1961,0.02
Fiji,FJI,1962,0.02
Fiji,FJI,1963,0.03
Fiji,FJI,1964,0.04
Fiji,FJI,1965,0.04
Fiji,FJI,1966,0.03
Fiji,FJI,1967,0.04
Fiji,FJI,1968,0.06
Fiji,FJI,1969,0.05
Fiji,FJI,1970,0.08
Fiji,FJI,1971,0.09
Fiji,FJI,1972,0.1
Fiji,FJI,1973,0.16
Fiji,FJI,1974,0.11
Fiji,FJI,1975,0.08
Fiji,FJI,1976,0.09
Fiji,FJI,1977,0.11
Fiji,FJI,1978,0.09
Fiji,FJI,1979,0.11
Fiji,FJI,1980,0.1
Fiji,FJI,1981,0.12
Fiji,FJI,1982,0.14
Fiji,FJI,1983,0.13
Fiji,FJI,1984,0.13
Fiji,FJI,1985,0.15
Fiji,FJI,1986,0.11
Fiji,FJI,1987,0.11
Fiji,FJI,1988,0.16
Fiji,FJI,1989,0.13
Fiji,FJI,1990,0.11
Fiji,FJI,1991,0.1
Fiji,FJI,1992,0.11
Fiji,FJI,1993,0.11
Fiji,FJI,1994,0.12
Fiji,FJI,1995,0.12
Fiji,FJI,1996,0.18
Fiji,FJI,1997,0.2
Fiji,FJI,1998,0.21
Fiji,FJI,1999,0.23
Fiji,FJI,2000,0.12607
Fiji,FJI,2001,0.12607
Fiji,FJI,2002,0.16837
Fiji,FJI,2003,0.2021
Fiji,FJI,2004,0.22055
Fiji,FJI,2005,0.25261
Fiji,FJI,2006,0.25633
Fiji,FJI,2007,0.40142
Fiji,FJI,2008,0.3905
Fiji,FJI,2009,0.36737
Fiji,FJI,2010,0.20394
Fiji,FJI,2011,0.18297
Fiji,FJI,2012,0.18937
Fiji,FJI,2013,0.20271
Fiji,FJI,2014,0.22279
Fiji,FJI,2015,0.24879
Fiji,FJI,2016,0.26742
Fiji,FJI,2017,0.27843
Fiji,FJI,2018,0.27606
Fiji,FJI,2019,0.27606
Fiji,FJI,2020,0.24514
Finland,FIN,1961,0.32
Finland,FIN,1962,0.37
Finland,FIN,1963,0.42
Finland,FIN,1964,0.49
Finland,FIN,1965,0.53
Finland,FIN,1966,0.58
Finland,FIN,1967,0.62
Finland,FIN,1968,0.65
Finland,FIN,1969,0.65
Finland,FIN,1970,0.7
Finland,FIN,1971,0.76
Finland,FIN,1972,0.76
Finland,FIN,1973,0.92
Finland,FIN,1974,1.16
Finland,FIN,1975,0.99
Finland,FIN,1976,0.92
Finland,FIN,1977,0.88
Finland,FIN,1978,0.92
Finland,FIN,1979,0.91
Finland,FIN,1980,0.93
Finland,FIN,1981,1.07
Finland,FIN,1982,0.97
Finland,FIN,1983,0.93
Finland,FIN,1984,0.85
Finland,FIN,1985,0.83
Finland,FIN,1986,0.88
Finland,FIN,1987,0.89
Finland,FIN,1988,0.93
Finland,FIN,1989,0.98
Finland,FIN,1990,1.02
Finland,FIN,1991,1.15
Finland,FIN,1992,1.2
Finland,FIN,1993,1.21
Finland,FIN,1994,1.3
Finland,FIN,1995,1.42
Finland,FIN,1996,1.48
Finland,FIN,1997,1.65
Finland,FIN,1998,1.73
Finland,FIN,1999,1.91
Finland,FIN,2000,1.19
Finland,FIN,2001,1.19
Finland,FIN,2002,1.31
Finland,FIN,2003,1.38667
Finland,FIN,2004,1.44
Finland,FIN,2005,1.48
Finland,FIN,2006,1.61333
Finland,FIN,2007,1.74
Finland,FIN,2008,1.84
Finland,FIN,2009,1.85333
Finland,FIN,2010,1.86667
Finland,FIN,2011,1.88
Finland,FIN,2012,1.87333
Finland,FIN,2013,1.84333
Finland,FIN,2014,1.79667
Finland,FIN,2015,1.76333
Finland,FIN,2016,1.74667
Finland,FIN,2017,1.73667
Finland,FIN,2018,1.68744
Finland,FIN,2019,1.68744
Finland,FIN,2020,1.70663
France,FRA,1961,20.56
France,FRA,1962,19.71
France,FRA,1963,18.94
France,FRA,1964,17.91
France,FRA,1965,17.39
France,FRA,1966,17.23
France,FRA,1967,16.97
France,FRA,1968,16.94
France,FRA,1969,16.48
France,FRA,1970,15.96
France,FRA,1971,15.77
France,FRA,1972,15.58
France,FRA,1973,15.34
France,FRA,1974,15.09
France,FRA,1975,14.99
France,FRA,1976,14.59
France,FRA,1977,14.64
France,FRA,1978,13.75
France,FRA,1979,13.19
France,FRA,1980,12.88
France,FRA,1981,12.55
France,FRA,1982,12.37
France,FRA,1983,11.91
France,FRA,1984,11.45
France,FRA,1985,11.1
France,FRA,1986,10.62
France,FRA,1987,10.42
France,FRA,1988,10.28
France,FRA,1989,10.24
France,FRA,1990,10.01
France,FRA,1991,9.21
France,FRA,1992,8.87
France,FRA,1993,8.71
France,FRA,1994,8.56
France,FRA,1995,8.61
France,FRA,1996,8.18
France,FRA,1997,8.02
France,FRA,1998,7.89
France,FRA,1999,7.8
France,FRA,2000,8.56
France,FRA,2001,8.56
France,FRA,2002,8.43667
France,FRA,2003,8.21
France,FRA,2004,7.92
France,FRA,2005,7.78
France,FRA,2006,7.66667
France,FRA,2007,7.56
France,FRA,2008,7.44667
France,FRA,2009,7.33667
France,FRA,2010,7.36333
France,FRA,2011,7.33667
France,FRA,2012,7.29
France,FRA,2013,7.16667
France,FRA,2014,7.08667
France,FRA,2015,7.01
France,FRA,2016,6.92667
France,FRA,2017,6.66
France,FRA,2018,6.50667
France,FRA,2019,6.50667
France,FRA,2020,5.62
Gabon,GAB,1961,3.51
Gabon,GAB,1962,4.05
Gabon,GAB,1963,3.53
Gabon,GAB,1964,3.74
Gabon,GAB,1965,3.99
Gabon,GAB,1966,4.16
Gabon,GAB,1967,4.74
Gabon,GAB,1968,4.5
Gabon,GAB,1969,4.34
Gabon,GAB,1970,3.85
Gabon,GAB,1971,3.64
Gabon,GAB,1972,3.61
Gabon,GAB,1973,3.2
Gabon,GAB,1974,3.28
Gabon,GAB,1975,5.05
Gabon,GAB,1976,8.56
Gabon,GAB,1977,6.9
Gabon,GAB,1978,5.35
Gabon,GAB,1979,4.49
Gabon,GAB,1980,4.54
Gabon,GAB,1981,4.48
Gabon,GAB,1982,5.61
Gabon,GAB,1983,5.79
Gabon,GAB,1984,6.14
Gabon,GAB,1985,5.4
Gabon,GAB,1986,5
Gabon,GAB,1987,3.59
Gabon,GAB,1988,3.49
Gabon,GAB,1989,2.43
Gabon,GAB,1990,2.05
Gabon,GAB,1991,1.93
Gabon,GAB,1992,1.77
Gabon,GAB,1993,2.02
Gabon,GAB,1994,1.58
Gabon,GAB,1995,2.01
Gabon,GAB,1996,1.93
Gabon,GAB,1997,2.25
Gabon,GAB,1998,2.02
Gabon,GAB,1999,1.96
Gabon,GAB,2000,1.52935
Gabon,GAB,2001,1.52935
Gabon,GAB,2002,1.21893
Gabon,GAB,2003,0.98221
Gabon,GAB,2004,0.83847
Gabon,GAB,2005,0.96671
Gabon,GAB,2006,1.00711
Gabon,GAB,2007,1.01011
Gabon,GAB,2008,0.98045
Gabon,GAB,2009,0.98201
Gabon,GAB,2010,1.05403
Gabon,GAB,2011,1.06024
Gabon,GAB,2012,0.92056
Gabon,GAB,2013,0.77396
Gabon,GAB,2014,0.70301
Gabon,GAB,2015,0.68233
Gabon,GAB,2016,0.64831
Gabon,GAB,2017,0.59036
Gabon,GAB,2018,0.52221
Gabon,GAB,2019,0.52221
Gabon,GAB,2020,0.46407
Gambia,GMB,1961,0.17
Gambia,GMB,1962,0.14
Gambia,GMB,1963,0.16
Gambia,GMB,1964,0.13
Gambia,GMB,1965,0.12
Gambia,GMB,1966,0.1
Gambia,GMB,1967,0.16
Gambia,GMB,1968,0.14
Gambia,GMB,1969,0.12
Gambia,GMB,1970,0.11
Gambia,GMB,1971,0.12
Gambia,GMB,1972,0.11
Gambia,GMB,1973,0.14
Gambia,GMB,1974,0.14
Gambia,GMB,1975,0.15
Gambia,GMB,1976,0.1
Gambia,GMB,1977,0.14
Gambia,GMB,1978,0.12
Gambia,GMB,1979,0.1
Gambia,GMB,1980,0.08
Gambia,GMB,1981,0.08
Gambia,GMB,1982,0.08
Gambia,GMB,1983,0.07
Gambia,GMB,1984,0.14
Gambia,GMB,1985,0.1
Gambia,GMB,1986,0.09
Gambia,GMB,1987,0.09
Gambia,GMB,1988,0.07
Gambia,GMB,1989,0.03
Gambia,GMB,1990,0.05
Gambia,GMB,1991,0.01
Gambia,GMB,1992,0.05
Gambia,GMB,1993,0.06
Gambia,GMB,1994,0.09
Gambia,GMB,1995,0.03
Gambia,GMB,1996,0.06
Gambia,GMB,1997,0.06
Gambia,GMB,1998,0.03
Gambia,GMB,1999,0
Gambia,GMB,2000,0
Gambia,GMB,2001,0
Gambia,GMB,2002,0
Gambia,GMB,2003,0
Gambia,GMB,2004,0.01931
Gambia,GMB,2005,0.03331
Gambia,GMB,2006,0.04685
Gambia,GMB,2007,0.0319
Gambia,GMB,2008,0.02211
Gambia,GMB,2009,0.01264
Gambia,GMB,2010,0.01221
Gambia,GMB,2011,0.01182
Gambia,GMB,2012,0.00775
Gambia,GMB,2013,0.00381
Gambia,GMB,2014,0
Gambia,GMB,2015,0
Gambia,GMB,2016,0
Gambia,GMB,2017,0
Gambia,GMB,2018,0
Gambia,GMB,2019,0
Gambia,GMB,2020,0
Georgia,GEO,1990,4.84
Georgia,GEO,1991,3.17
Georgia,GEO,1992,5.26
Georgia,GEO,1993,4.87
Georgia,GEO,1994,4.86
Georgia,GEO,1995,2.4
Georgia,GEO,1996,2.38
Georgia,GEO,1997,2.14
Georgia,GEO,1998,1.89
Georgia,GEO,1999,1.87
Georgia,GEO,2000,1.40604
Georgia,GEO,2001,1.40604
Georgia,GEO,2002,1.2142
Georgia,GEO,2003,1.13766
Georgia,GEO,2004,1.32014
Georgia,GEO,2005,1.97112
Georgia,GEO,2006,2.91479
Georgia,GEO,2007,3.73528
Georgia,GEO,2008,3.87259
Georgia,GEO,2009,3.66796
Georgia,GEO,2010,3.37014
Georgia,GEO,2011,3.163
Georgia,GEO,2012,2.82619
Georgia,GEO,2013,2.3898
Georgia,GEO,2014,2.29595
Georgia,GEO,2015,2.4112
Georgia,GEO,2016,2.60626
Georgia,GEO,2017,2.71433
Georgia,GEO,2018,3.19397
Georgia,GEO,2019,3.19397
Georgia,GEO,2020,3.92138
Germany,DEU,1961,1.86
Germany,DEU,1962,2.15
Germany,DEU,1963,2.36
Germany,DEU,1964,2.77
Germany,DEU,1965,2.6
Germany,DEU,1966,2.41
Germany,DEU,1967,2.42
Germany,DEU,1968,2.37
Germany,DEU,1969,2.43
Germany,DEU,1970,2.49
Germany,DEU,1971,2.85
Germany,DEU,1972,3.02
Germany,DEU,1973,3.34
Germany,DEU,1974,3.07
Germany,DEU,1975,3.55
Germany,DEU,1976,3.57
Germany,DEU,1977,3.51
Germany,DEU,1978,3.54
Germany,DEU,1979,3.59
Germany,DEU,1980,3.75
Germany,DEU,1981,3.62
Germany,DEU,1982,3.62
Germany,DEU,1983,3.84
Germany,DEU,1984,3.7
Germany,DEU,1985,3.66
Germany,DEU,1986,3.32
Germany,DEU,1987,3.66
Germany,DEU,1988,3.67
Germany,DEU,1989,3.74
Germany,DEU,1990,3.73
Germany,DEU,1991,3
Germany,DEU,1992,3.03
Germany,DEU,1993,3.07
Germany,DEU,1994,2.93
Germany,DEU,1995,3.01
Germany,DEU,1996,3.06
Germany,DEU,1997,3.09
Germany,DEU,1998,3.05
Germany,DEU,1999,3
Germany,DEU,2000,3.17667
Germany,DEU,2001,3.17667
Germany,DEU,2002,3.16333
Germany,DEU,2003,3.11333
Germany,DEU,2004,3.08205
Germany,DEU,2005,3.06069
Germany,DEU,2006,3.0808
Germany,DEU,2007,3.11229
Germany,DEU,2008,3.10677
Germany,DEU,2009,3.10177
Germany,DEU,2010,3.10626
Germany,DEU,2011,3.12837
Germany,DEU,2012,3.15515
Germany,DEU,2013,3.14358
Germany,DEU,2014,3.12416
Germany,DEU,2015,3.11128
Germany,DEU,2016,3.19917
Germany,DEU,2017,3.28345
Germany,DEU,2018,3.32491
Germany,DEU,2019,3.32491
Germany,DEU,2020,3.34711
Ghana,GHA,1961,0.02
Ghana,GHA,1962,0.01
Ghana,GHA,1963,0.01
Ghana,GHA,1964,0.01
Ghana,GHA,1965,0.01
Ghana,GHA,1966,0
Ghana,GHA,1967,0
Ghana,GHA,1968,0
Ghana,GHA,1969,0
Ghana,GHA,1970,0.01
Ghana,GHA,1971,0
Ghana,GHA,1972,0
Ghana,GHA,1973,0
Ghana,GHA,1974,0.01
Ghana,GHA,1975,0.01
Ghana,GHA,1976,0.01
Ghana,GHA,1977,0.01
Ghana,GHA,1978,0.01
Ghana,GHA,1979,0.01
Ghana,GHA,1980,0
Ghana,GHA,1981,0.01
Ghana,GHA,1982,0
Ghana,GHA,1983,0
Ghana,GHA,1984,0
Ghana,GHA,1985,0
Ghana,GHA,1986,0
Ghana,GHA,1987,0
Ghana,GHA,1988,0
Ghana,GHA,1989,0
Ghana,GHA,1990,0
Ghana,GHA,1991,0
Ghana,GHA,1992,0
Ghana,GHA,1993,0.02
Ghana,GHA,1994,0.05
Ghana,GHA,1995,0.05
Ghana,GHA,1996,0.06
Ghana,GHA,1997,0.03
Ghana,GHA,1998,0.05
Ghana,GHA,1999,0.04
Ghana,GHA,2000,0.05526
Ghana,GHA,2001,0.05526
Ghana,GHA,2002,0.06522
Ghana,GHA,2003,0.06897
Ghana,GHA,2004,0.06489
Ghana,GHA,2005,0.06665
Ghana,GHA,2006,0.07801
Ghana,GHA,2007,0.09817
Ghana,GHA,2008,0.10001
Ghana,GHA,2009,0.08823
Ghana,GHA,2010,0.07052
Ghana,GHA,2011,0.07257
Ghana,GHA,2012,0.07422
Ghana,GHA,2013,0.06834
Ghana,GHA,2014,0.054
Ghana,GHA,2015,0.04016
Ghana,GHA,2016,0.03466
Ghana,GHA,2017,0.03442
Ghana,GHA,2018,0.03764
Ghana,GHA,2019,0.03764
Ghana,GHA,2020,0.04177
Greece,GRC,1963,4.47
Greece,GRC,1964,4.41
Greece,GRC,1965,4.24
Greece,GRC,1966,4.13
Greece,GRC,1967,4.56
Greece,GRC,1968,4.12
Greece,GRC,1969,4.39
Greece,GRC,1970,4.49
Greece,GRC,1971,5.74
Greece,GRC,1972,4.5
Greece,GRC,1973,4.71
Greece,GRC,1974,5.21
Greece,GRC,1975,5.69
Greece,GRC,1976,4.99
Greece,GRC,1977,6.02
Greece,GRC,1978,5.79
Greece,GRC,1979,6.16
Greece,GRC,1980,6.4
Greece,GRC,1981,6.38
Greece,GRC,1982,4.99
Greece,GRC,1983,6.21
Greece,GRC,1984,6.16
Greece,GRC,1985,5.21
Greece,GRC,1986,3.3
Greece,GRC,1987,4.41
Greece,GRC,1988,4.13
Greece,GRC,1989,4.12
Greece,GRC,1990,4.49
Greece,GRC,1991,4.39
Greece,GRC,1992,4.24
Greece,GRC,1993,4.71
Greece,GRC,1994,4.5
Greece,GRC,1995,4.56
Greece,GRC,1996,4.47
Greece,GRC,1997,4.56
Greece,GRC,1998,4.17
Greece,GRC,1999,4.57
Greece,GRC,2000,3.49586
Greece,GRC,2001,3.49586
Greece,GRC,2002,3.56502
Greece,GRC,2003,3.69901
Greece,GRC,2004,4.16207
Greece,GRC,2005,4.21964
Greece,GRC,2006,4.23551
Greece,GRC,2007,4.10008
Greece,GRC,2008,4.05831
Greece,GRC,2009,4.06895
Greece,GRC,2010,3.94587
Greece,GRC,2011,3.98339
Greece,GRC,2012,3.88848
Greece,GRC,2013,3.80445
Greece,GRC,2014,3.52173
Greece,GRC,2015,3.25243
Greece,GRC,2016,3.15325
Greece,GRC,2017,3.08355
Greece,GRC,2018,2.91503
Greece,GRC,2019,2.91503
Greece,GRC,2020,2.44542
Grenada,GRD,1990,0.33
Grenada,GRD,1991,0.23
Grenada,GRD,1992,0.18
Grenada,GRD,1993,0.24
Grenada,GRD,1994,0.27
Grenada,GRD,1995,0.59
Grenada,GRD,1996,0.66
Grenada,GRD,1997,0.94
Grenada,GRD,1998,0.96
Grenada,GRD,1999,1.1
Grenada,GRD,2000,0.40392
Grenada,GRD,2001,0.40392
Grenada,GRD,2002,0.28007
Grenada,GRD,2003,0.21965
Grenada,GRD,2004,0.21684
Grenada,GRD,2005,0.21193
Grenada,GRD,2006,0.31319
Grenada,GRD,2007,0.41314
Grenada,GRD,2008,0.50952
Grenada,GRD,2009,0.50289
Grenada,GRD,2010,0.49728
Grenada,GRD,2011,0.44217
Grenada,GRD,2012,0.43828
Grenada,GRD,2013,0.4821
Grenada,GRD,2014,0.52619
Grenada,GRD,2015,0.57054
Grenada,GRD,2016,0.52044
Grenada,GRD,2017,0.47112
Grenada,GRD,2018,0.46936
Grenada,GRD,2019,0.46936
Grenada,GRD,2020,0.55967
Guatemala,GTM,1961,0
Guatemala,GTM,1962,0
Guatemala,GTM,1963,0
Guatemala,GTM,1964,0
Guatemala,GTM,1965,0
Guatemala,GTM,1966,0
Guatemala,GTM,1967,0
Guatemala,GTM,1968,0
Guatemala,GTM,1969,0
Guatemala,GTM,1970,0
Guatemala,GTM,1971,0
Guatemala,GTM,1972,0
Guatemala,GTM,1973,0
Guatemala,GTM,1974,0
Guatemala,GTM,1975,0
Guatemala,GTM,1976,0
Guatemala,GTM,1977,0
Guatemala,GTM,1978,0
Guatemala,GTM,1979,0
Guatemala,GTM,1980,0
Guatemala,GTM,1981,0
Guatemala,GTM,1982,0
Guatemala,GTM,1983,0
Guatemala,GTM,1984,0.03
Guatemala,GTM,1985,0.01
Guatemala,GTM,1986,0.02
Guatemala,GTM,1987,0.01
Guatemala,GTM,1988,0.01
Guatemala,GTM,1989,0.02
Guatemala,GTM,1990,0.01
Guatemala,GTM,1991,0.02
Guatemala,GTM,1992,0.02
Guatemala,GTM,1993,0.03
Guatemala,GTM,1994,0.04
Guatemala,GTM,1995,0.04
Guatemala,GTM,1996,0.02
Guatemala,GTM,1997,0.03
Guatemala,GTM,1998,0.03
Guatemala,GTM,1999,0.03
Guatemala,GTM,2000,0.03022
Guatemala,GTM,2001,0.03022
Guatemala,GTM,2002,0.02943
Guatemala,GTM,2003,0.02861
Guatemala,GTM,2004,0.02829
Guatemala,GTM,2005,0.03163
Guatemala,GTM,2006,0.03677
Guatemala,GTM,2007,0.03826
Guatemala,GTM,2008,0.03899
Guatemala,GTM,2009,0.03765
Guatemala,GTM,2010,0.03833
Guatemala,GTM,2011,0.03756
Guatemala,GTM,2012,0.03925
Guatemala,GTM,2013,0.04175
Guatemala,GTM,2014,0.04338
Guatemala,GTM,2015,0.04249
Guatemala,GTM,2016,0.04269
Guatemala,GTM,2017,0.04472
Guatemala,GTM,2018,0.04804
Guatemala,GTM,2019,0.04804
Guatemala,GTM,2020,0.05024
Guinea,GIN,1961,0.07
Guinea,GIN,1962,0.06
Guinea,GIN,1963,0.03
Guinea,GIN,1964,0.02
Guinea,GIN,1965,0.01
Guinea,GIN,1966,0.01
Guinea,GIN,1967,0.01
Guinea,GIN,1968,0
Guinea,GIN,1969,0
Guinea,GIN,1970,0
Guinea,GIN,1971,0
Guinea,GIN,1972,0
Guinea,GIN,1973,0
Guinea,GIN,1974,0
Guinea,GIN,1975,0
Guinea,GIN,1976,0
Guinea,GIN,1977,0
Guinea,GIN,1978,0
Guinea,GIN,1979,0.01
Guinea,GIN,1980,0
Guinea,GIN,1981,0
Guinea,GIN,1982,0.01
Guinea,GIN,1983,0.01
Guinea,GIN,1984,0.01
Guinea,GIN,1985,0.01
Guinea,GIN,1986,0.02
Guinea,GIN,1987,0.02
Guinea,GIN,1988,0.02
Guinea,GIN,1989,0.04
Guinea,GIN,1990,0.02
Guinea,GIN,1991,0.02
Guinea,GIN,1992,0.02
Guinea,GIN,1993,0.03
Guinea,GIN,1994,0.02
Guinea,GIN,1995,0.01
Guinea,GIN,1996,0.01
Guinea,GIN,1997,0.01
Guinea,GIN,1998,0.01
Guinea,GIN,1999,0.01
Guinea,GIN,2000,0.0239
Guinea,GIN,2001,0.0239
Guinea,GIN,2002,0.03145
Guinea,GIN,2003,0.02933
Guinea,GIN,2004,0.02286
Guinea,GIN,2005,0.01733
Guinea,GIN,2006,0.01773
Guinea,GIN,2007,0.01272
Guinea,GIN,2008,0.00782
Guinea,GIN,2009,0.01172
Guinea,GIN,2010,0.01948
Guinea,GIN,2011,0.02358
Guinea,GIN,2012,0.01742
Guinea,GIN,2013,0.01283
Guinea,GIN,2014,0.01116
Guinea,GIN,2015,0.01019
Guinea,GIN,2016,0.00983
Guinea,GIN,2017,0.01066
Guinea,GIN,2018,0.01201
Guinea,GIN,2019,0.01201
Guinea,GIN,2020,0.01444
Guinea-Bissau,GNB,1961,0.86
Guinea-Bissau,GNB,1962,0.99
Guinea-Bissau,GNB,1963,1.43
Guinea-Bissau,GNB,1964,1.56
Guinea-Bissau,GNB,1965,1.54
Guinea-Bissau,GNB,1966,1.61
Guinea-Bissau,GNB,1967,1.23
Guinea-Bissau,GNB,1968,1.48
Guinea-Bissau,GNB,1969,1.29
Guinea-Bissau,GNB,1970,1.2
Guinea-Bissau,GNB,1971,1.3
Guinea-Bissau,GNB,1972,1.25
Guinea-Bissau,GNB,1973,1.46
Guinea-Bissau,GNB,1974,1.22
Guinea-Bissau,GNB,1975,0.98
Guinea-Bissau,GNB,1976,0.69
Guinea-Bissau,GNB,1977,0.6
Guinea-Bissau,GNB,1978,0.09
Guinea-Bissau,GNB,1979,0.17
Guinea-Bissau,GNB,1980,0.1
Guinea-Bissau,GNB,1981,0.21
Guinea-Bissau,GNB,1982,0.18
Guinea-Bissau,GNB,1983,0.3
Guinea-Bissau,GNB,1984,0.13
Guinea-Bissau,GNB,1985,0.19
Guinea-Bissau,GNB,1986,0.04
Guinea-Bissau,GNB,1987,0.07
Guinea-Bissau,GNB,1988,0.27
Guinea-Bissau,GNB,1989,0.42
Guinea-Bissau,GNB,1990,0.47
Guinea-Bissau,GNB,1991,0.44
Guinea-Bissau,GNB,1992,0.53
Guinea-Bissau,GNB,1993,0.69
Guinea-Bissau,GNB,1994,0.48
Guinea-Bissau,GNB,1995,0.37
Guinea-Bissau,GNB,1996,0.45
Guinea-Bissau,GNB,1997,0.61
Guinea-Bissau,GNB,1998,0.2
Guinea-Bissau,GNB,1999,0.4
Guinea-Bissau,GNB,2000,0.65285
Guinea-Bissau,GNB,2001,0.65285
Guinea-Bissau,GNB,2002,0.64161
Guinea-Bissau,GNB,2003,0.64886
Guinea-Bissau,GNB,2004,0.61793
Guinea-Bissau,GNB,2005,0.56481
Guinea-Bissau,GNB,2006,0.5947
Guinea-Bissau,GNB,2007,0.58219
Guinea-Bissau,GNB,2008,0.62191
Guinea-Bissau,GNB,2009,0.64536
Guinea-Bissau,GNB,2010,0.75912
Guinea-Bissau,GNB,2011,0.87461
Guinea-Bissau,GNB,2012,0.91875
Guinea-Bissau,GNB,2013,0.88873
Guinea-Bissau,GNB,2014,0.89159
Guinea-Bissau,GNB,2015,0.93877
Guinea-Bissau,GNB,2016,1.03377
Guinea-Bissau,GNB,2017,1.09427
Guinea-Bissau,GNB,2018,1.10723
Guinea-Bissau,GNB,2019,1.10723
Guinea-Bissau,GNB,2020,1.04999
Guyana,GUY,1961,0
Guyana,GUY,1962,0
Guyana,GUY,1963,0
Guyana,GUY,1964,0
Guyana,GUY,1965,0
Guyana,GUY,1966,0
Guyana,GUY,1967,0
Guyana,GUY,1968,0
Guyana,GUY,1969,0
Guyana,GUY,1970,0
Guyana,GUY,1971,0
Guyana,GUY,1972,0
Guyana,GUY,1973,0
Guyana,GUY,1974,0
Guyana,GUY,1975,0
Guyana,GUY,1976,0
Guyana,GUY,1977,0
Guyana,GUY,1978,0
Guyana,GUY,1979,0
Guyana,GUY,1980,0
Guyana,GUY,1981,0
Guyana,GUY,1982,0
Guyana,GUY,1983,0
Guyana,GUY,1984,0
Guyana,GUY,1985,0
Guyana,GUY,1986,0
Guyana,GUY,1987,0
Guyana,GUY,1988,0
Guyana,GUY,1989,0
Guyana,GUY,1990,0
Guyana,GUY,1991,0
Guyana,GUY,1992,0
Guyana,GUY,1993,0
Guyana,GUY,1994,0
Guyana,GUY,1995,0
Guyana,GUY,1996,0
Guyana,GUY,1997,0
Guyana,GUY,1998,0
Guyana,GUY,1999,0
Guyana,GUY,2000,0
Guyana,GUY,2001,0
Guyana,GUY,2002,0.00842
Guyana,GUY,2003,0.00842
Guyana,GUY,2004,0.01683
Guyana,GUY,2005,0.00841
Guyana,GUY,2006,0.00841
Guyana,GUY,2007,0
Guyana,GUY,2008,0
Guyana,GUY,2009,0
Guyana,GUY,2010,0.00777
Guyana,GUY,2011,0.01543
Guyana,GUY,2012,0.01543
Guyana,GUY,2013,0.00766
Guyana,GUY,2014,0
Guyana,GUY,2015,0
Guyana,GUY,2016,0.00722
Guyana,GUY,2017,0.02153
Guyana,GUY,2018,0.03571
Guyana,GUY,2019,0.03571
Guyana,GUY,2020,0.06333
Haiti,HTI,1961,0.01
Haiti,HTI,1962,0.01
Haiti,HTI,1963,0.01
Haiti,HTI,1964,0.01
Haiti,HTI,1965,0.01
Haiti,HTI,1966,0
Haiti,HTI,1967,0
Haiti,HTI,1968,0
Haiti,HTI,1969,0
Haiti,HTI,1970,0
Haiti,HTI,1971,0.01
Haiti,HTI,1972,0.01
Haiti,HTI,1973,0.01
Haiti,HTI,1974,0.01
Haiti,HTI,1975,0.01
Haiti,HTI,1976,0.01
Haiti,HTI,1977,0.01
Haiti,HTI,1978,0.01
Haiti,HTI,1979,0.01
Haiti,HTI,1980,0.01
Haiti,HTI,1981,0.01
Haiti,HTI,1982,0.02
Haiti,HTI,1983,0.01
Haiti,HTI,1984,0.02
Haiti,HTI,1985,0.03
Haiti,HTI,1986,0.01
Haiti,HTI,1987,0.02
Haiti,HTI,1988,0.02
Haiti,HTI,1989,0.01
Haiti,HTI,1990,0.01
Haiti,HTI,1991,0.01
Haiti,HTI,1992,0
Haiti,HTI,1993,0
Haiti,HTI,1994,0
Haiti,HTI,1995,0.01
Haiti,HTI,1996,0.01
Haiti,HTI,1997,0.01
Haiti,HTI,1998,0.01
Haiti,HTI,1999,0.01
Haiti,HTI,2000,0.01535
Haiti,HTI,2001,0.01535
Haiti,HTI,2002,0.01513
Haiti,HTI,2003,0.01189
Haiti,HTI,2004,0.00862
Haiti,HTI,2005,0.00912
Haiti,HTI,2006,0.01234
Haiti,HTI,2007,0.01212
Haiti,HTI,2008,0.01319
Haiti,HTI,2009,0.01222
Haiti,HTI,2010,0.01387
Haiti,HTI,2011,0.0142
Haiti,HTI,2012,0.01453
Haiti,HTI,2013,0.01656
Haiti,HTI,2014,0.01628
Haiti,HTI,2015,0.01657
Haiti,HTI,2016,0.01892
Haiti,HTI,2017,0.02406
Haiti,HTI,2018,0.02855
Haiti,HTI,2019,0.02855
Haiti,HTI,2020,0.02805
Honduras,HND,1961,0.01
Honduras,HND,1962,0.01
Honduras,HND,1963,0.01
Honduras,HND,1964,0.01
Honduras,HND,1965,0.02
Honduras,HND,1966,0.03
Honduras,HND,1967,0.02
Honduras,HND,1968,0.03
Honduras,HND,1969,0.03
Honduras,HND,1970,0.05
Honduras,HND,1971,0.01
Honduras,HND,1972,0.01
Honduras,HND,1973,0.01
Honduras,HND,1974,0.01
Honduras,HND,1975,0.01
Honduras,HND,1976,0.01
Honduras,HND,1977,0.02
Honduras,HND,1978,0.02
Honduras,HND,1979,0.03
Honduras,HND,1980,0.03
Honduras,HND,1981,0.03
Honduras,HND,1982,0.01
Honduras,HND,1983,0.01
Honduras,HND,1984,0.02
Honduras,HND,1985,0.01
Honduras,HND,1986,0.02
Honduras,HND,1987,0.02
Honduras,HND,1988,0.03
Honduras,HND,1989,0.02
Honduras,HND,1990,0.01
Honduras,HND,1991,0.01
Honduras,HND,1992,0.01
Honduras,HND,1993,0.02
Honduras,HND,1994,0.02
Honduras,HND,1995,0.02
Honduras,HND,1996,0.02
Honduras,HND,1997,0.03
Honduras,HND,1998,0.02
Honduras,HND,1999,0.03
Honduras,HND,2000,0.03077
Honduras,HND,2001,0.03077
Honduras,HND,2002,0.03073
Honduras,HND,2003,0.03015
Honduras,HND,2004,0.02883
Honduras,HND,2005,0.03134
Honduras,HND,2006,0.04267
Honduras,HND,2007,0.04726
Honduras,HND,2008,0.04688
Honduras,HND,2009,0.03843
Honduras,HND,2010,0.02942
Honduras,HND,2011,0.02828
Honduras,HND,2012,0.03105
Honduras,HND,2013,0.03237
Honduras,HND,2014,0.03005
Honduras,HND,2015,0.02847
Honduras,HND,2016,0.03085
Honduras,HND,2017,0.0338
Honduras,HND,2018,0.03606
Honduras,HND,2019,0.03606
Honduras,HND,2020,0.03491
Hungary,HUN,1961,4.3
Hungary,HUN,1962,4.59
Hungary,HUN,1963,4.25
Hungary,HUN,1964,4.94
Hungary,HUN,1965,4.7
Hungary,HUN,1966,4.32
Hungary,HUN,1967,4.83
Hungary,HUN,1968,4.88
Hungary,HUN,1969,5.37
Hungary,HUN,1970,5.24
Hungary,HUN,1971,5.33
Hungary,HUN,1972,5.3
Hungary,HUN,1973,5.31
Hungary,HUN,1974,4.77
Hungary,HUN,1975,4.72
Hungary,HUN,1976,4.89
Hungary,HUN,1977,4.73
Hungary,HUN,1978,4.73
Hungary,HUN,1979,4.78
Hungary,HUN,1980,5.35
Hungary,HUN,1981,4.59
Hungary,HUN,1982,4.91
Hungary,HUN,1983,4.56
Hungary,HUN,1984,4.72
Hungary,HUN,1985,3.81
Hungary,HUN,1986,3.57
Hungary,HUN,1987,3.32
Hungary,HUN,1988,3.15
Hungary,HUN,1989,3.44
Hungary,HUN,1990,4.17
Hungary,HUN,1991,4.31
Hungary,HUN,1992,4.42
Hungary,HUN,1993,4.63
Hungary,HUN,1994,4.27
Hungary,HUN,1995,3.85
Hungary,HUN,1996,4.37
Hungary,HUN,1997,4.59
Hungary,HUN,1998,4.81
Hungary,HUN,1999,4.37
Hungary,HUN,2000,4.60779
Hungary,HUN,2001,4.60779
Hungary,HUN,2002,4.78014
Hungary,HUN,2003,4.714
Hungary,HUN,2004,4.58779
Hungary,HUN,2005,4.56908
Hungary,HUN,2006,4.30677
Hungary,HUN,2007,3.89376
Hungary,HUN,2008,3.44343
Hungary,HUN,2009,3.20662
Hungary,HUN,2010,3.28643
Hungary,HUN,2011,3.28623
Hungary,HUN,2012,3.3002
Hungary,HUN,2013,3.10872
Hungary,HUN,2014,3.17828
Hungary,HUN,2015,3.31474
Hungary,HUN,2016,3.44704
Hungary,HUN,2017,3.4153
Hungary,HUN,2018,3.15209
Hungary,HUN,2019,3.15209
Hungary,HUN,2020,2.62637
Iceland,ISL,1961,0.17
Iceland,ISL,1962,0.19
Iceland,ISL,1963,0.2
Iceland,ISL,1964,0.22
Iceland,ISL,1965,0.23
Iceland,ISL,1966,0.25
Iceland,ISL,1967,0.27
Iceland,ISL,1968,0.26
Iceland,ISL,1969,0.26
Iceland,ISL,1970,0.29
Iceland,ISL,1971,0.31
Iceland,ISL,1972,0.34
Iceland,ISL,1973,0.37
Iceland,ISL,1974,0.41
Iceland,ISL,1975,0.47
Iceland,ISL,1976,0.55
Iceland,ISL,1977,0.62
Iceland,ISL,1978,0.66
Iceland,ISL,1979,0.85
Iceland,ISL,1980,0.9
Iceland,ISL,1981,0.94
Iceland,ISL,1982,1.02
Iceland,ISL,1983,1.14
Iceland,ISL,1984,1.19
Iceland,ISL,1985,1.09
Iceland,ISL,1986,1.03
Iceland,ISL,1987,1.01
Iceland,ISL,1988,0.9
Iceland,ISL,1989,0.67
Iceland,ISL,1990,0.76
Iceland,ISL,1991,0.8
Iceland,ISL,1992,0.79
Iceland,ISL,1993,0.76
Iceland,ISL,1994,0.78
Iceland,ISL,1995,0.81
Iceland,ISL,1996,0.91
Iceland,ISL,1997,0.97
Iceland,ISL,1998,1.18
Iceland,ISL,1999,1.25
Iceland,ISL,2000,1.47
Iceland,ISL,2001,1.47
Iceland,ISL,2002,1.59333
Iceland,ISL,2003,1.71
Iceland,ISL,2004,1.83
Iceland,ISL,2005,1.91667
Iceland,ISL,2006,1.98667
Iceland,ISL,2007,2.04333
Iceland,ISL,2008,2.03333
Iceland,ISL,2009,1.97667
Iceland,ISL,2010,1.90333
Iceland,ISL,2011,1.90667
Iceland,ISL,2012,1.93667
Iceland,ISL,2013,1.97667
Iceland,ISL,2014,2.04333
Iceland,ISL,2015,2.08667
Iceland,ISL,2016,2.12667
Iceland,ISL,2017,2.11333
Iceland,ISL,2018,2.11667
Iceland,ISL,2019,2.11667
Iceland,ISL,2020,2.2
India,IND,1961,0
India,IND,1962,0
India,IND,1963,0
India,IND,1964,0
India,IND,1965,0
India,IND,1966,0
India,IND,1967,0
India,IND,1968,0
India,IND,1969,0
India,IND,1970,0
India,IND,1971,0
India,IND,1972,0
India,IND,1973,0
India,IND,1974,0
India,IND,1975,0
India,IND,1976,0
India,IND,1977,0
India,IND,1978,0
India,IND,1979,0
India,IND,1980,0
India,IND,1981,0
India,IND,1982,0
India,IND,1983,0
India,IND,1984,0
India,IND,1985,0
India,IND,1986,0
India,IND,1987,0
India,IND,1988,0
India,IND,1989,0
India,IND,1990,0
India,IND,1991,0
India,IND,1992,0
India,IND,1993,0
India,IND,1994,0
India,IND,1995,0
India,IND,1996,0
India,IND,1997,0
India,IND,1998,0
India,IND,1999,0
India,IND,2000,0.00001
India,IND,2001,0.00001
India,IND,2002,0.00001
India,IND,2003,0.00016
India,IND,2004,0.00048
India,IND,2005,0.00089
India,IND,2006,0.00129
India,IND,2007,0.00161
India,IND,2008,0.00186
India,IND,2009,0.00205
India,IND,2010,0.00221
India,IND,2011,0.00234
India,IND,2012,0.00241
India,IND,2013,0.00244
India,IND,2014,0.00251
India,IND,2015,0.0026
India,IND,2016,0.00272
India,IND,2017,0.00285
India,IND,2018,0.00287
India,IND,2019,0.00287
India,IND,2020,0.0025
Indonesia,IDN,1961,0
Indonesia,IDN,1962,0
Indonesia,IDN,1963,0
Indonesia,IDN,1964,0
Indonesia,IDN,1965,0
Indonesia,IDN,1966,0
Indonesia,IDN,1967,0
Indonesia,IDN,1968,0
Indonesia,IDN,1969,0
Indonesia,IDN,1970,0
Indonesia,IDN,1971,0
Indonesia,IDN,1972,0
Indonesia,IDN,1973,0
Indonesia,IDN,1974,0
Indonesia,IDN,1975,0
Indonesia,IDN,1976,0
Indonesia,IDN,1977,0
Indonesia,IDN,1978,0
Indonesia,IDN,1979,0
Indonesia,IDN,1980,0
Indonesia,IDN,1981,0
Indonesia,IDN,1982,0
Indonesia,IDN,1983,0
Indonesia,IDN,1984,0
Indonesia,IDN,1985,0
Indonesia,IDN,1986,0
Indonesia,IDN,1987,0
Indonesia,IDN,1988,0
Indonesia,IDN,1989,0
Indonesia,IDN,1990,0
Indonesia,IDN,1991,0
Indonesia,IDN,1992,0
Indonesia,IDN,1993,0
Indonesia,IDN,1994,0
Indonesia,IDN,1995,0
Indonesia,IDN,1996,0
Indonesia,IDN,1997,0
Indonesia,IDN,1998,0
Indonesia,IDN,1999,0
Indonesia,IDN,2000,0.0004
Indonesia,IDN,2001,0.0004
Indonesia,IDN,2002,0.00037
Indonesia,IDN,2003,0.00029
Indonesia,IDN,2004,0.0001
Indonesia,IDN,2005,0
Indonesia,IDN,2006,0
Indonesia,IDN,2007,0
Indonesia,IDN,2008,0
Indonesia,IDN,2009,0
Indonesia,IDN,2010,0
Indonesia,IDN,2011,0
Indonesia,IDN,2012,0
Indonesia,IDN,2013,0
Indonesia,IDN,2014,0
Indonesia,IDN,2015,0.00013
Indonesia,IDN,2016,0.00068
Indonesia,IDN,2017,0.00168
Indonesia,IDN,2018,0.00254
Indonesia,IDN,2019,0.00254
Indonesia,IDN,2020,0.00148
Iran,IRN,1961,0
Iran,IRN,1962,0
Iran,IRN,1963,0
Iran,IRN,1964,0
Iran,IRN,1965,0
Iran,IRN,1966,0
Iran,IRN,1967,0
Iran,IRN,1968,0
Iran,IRN,1969,0
Iran,IRN,1970,0
Iran,IRN,1971,0
Iran,IRN,1972,0
Iran,IRN,1973,0
Iran,IRN,1974,0
Iran,IRN,1975,0
Iran,IRN,1976,0
Iran,IRN,1977,0
Iran,IRN,1978,0
Iran,IRN,1979,0
Iran,IRN,1980,0
Iran,IRN,1981,0
Iran,IRN,1982,0
Iran,IRN,1983,0
Iran,IRN,1984,0
Iran,IRN,1985,0
Iran,IRN,1986,0
Iran,IRN,1987,0
Iran,IRN,1988,0
Iran,IRN,1989,0
Iran,IRN,1990,0
Iran,IRN,1991,0
Iran,IRN,1992,0
Iran,IRN,1993,0
Iran,IRN,1994,0
Iran,IRN,1995,0
Iran,IRN,1996,0
Iran,IRN,1997,0
Iran,IRN,1998,0
Iran,IRN,1999,0
Iran,IRN,2000,0
Iran,IRN,2001,0
Iran,IRN,2002,0
Iran,IRN,2003,0
Iran,IRN,2004,0.00004
Iran,IRN,2005,0.00013
Iran,IRN,2006,0.00018
Iran,IRN,2007,0.00016
Iran,IRN,2008,0.00008
Iran,IRN,2009,0.00004
Iran,IRN,2010,0.00001
Iran,IRN,2011,0.00003
Iran,IRN,2012,0.00003
Iran,IRN,2013,0.00003
Iran,IRN,2014,0.00001
Iran,IRN,2015,0.00001
Iran,IRN,2016,0
Iran,IRN,2017,0.00002
Iran,IRN,2018,0.00003
Iran,IRN,2019,0.00003
Iran,IRN,2020,0.00003
Iraq,IRQ,1961,0
Iraq,IRQ,1962,0
Iraq,IRQ,1963,0
Iraq,IRQ,1964,0
Iraq,IRQ,1965,0
Iraq,IRQ,1966,0
Iraq,IRQ,1967,0
Iraq,IRQ,1968,0
Iraq,IRQ,1969,0
Iraq,IRQ,1970,0
Iraq,IRQ,1971,0
Iraq,IRQ,1972,0
Iraq,IRQ,1973,0
Iraq,IRQ,1974,0
Iraq,IRQ,1975,0
Iraq,IRQ,1976,0
Iraq,IRQ,1977,0
Iraq,IRQ,1978,0
Iraq,IRQ,1979,0.01
Iraq,IRQ,1980,0.01
Iraq,IRQ,1981,0.01
Iraq,IRQ,1982,0.01
Iraq,IRQ,1983,0.01
Iraq,IRQ,1984,0.01
Iraq,IRQ,1985,0.01
Iraq,IRQ,1986,0.01
Iraq,IRQ,1987,0.01
Iraq,IRQ,1988,0.01
Iraq,IRQ,1989,0.01
Iraq,IRQ,1990,0
Iraq,IRQ,1991,0
Iraq,IRQ,1992,0
Iraq,IRQ,1993,0
Iraq,IRQ,1994,0
Iraq,IRQ,1995,0
Iraq,IRQ,1996,0
Iraq,IRQ,1997,0
Iraq,IRQ,1998,0
Iraq,IRQ,1999,0
Iraq,IRQ,2000,0
Iraq,IRQ,2001,0
Iraq,IRQ,2002,0.00027
Iraq,IRQ,2003,0.0008
Iraq,IRQ,2004,0.0008
Iraq,IRQ,2005,0.00103
Iraq,IRQ,2006,0.00075
Iraq,IRQ,2007,0.00123
Iraq,IRQ,2008,0.00121
Iraq,IRQ,2009,0.00165
Iraq,IRQ,2010,0.00228
Iraq,IRQ,2011,0.00307
Iraq,IRQ,2012,0.00359
Iraq,IRQ,2013,0.00326
Iraq,IRQ,2014,0.00291
Iraq,IRQ,2015,0.00313
Iraq,IRQ,2016,0.00375
Iraq,IRQ,2017,0.00384
Iraq,IRQ,2018,0.00372
Iraq,IRQ,2019,0.00372
Iraq,IRQ,2020,0.00479
Ireland,IRL,1963,0.38
Ireland,IRL,1964,0.4
Ireland,IRL,1965,0.42
Ireland,IRL,1966,0.45
Ireland,IRL,1967,0.47
Ireland,IRL,1968,0.49
Ireland,IRL,1969,0.51
Ireland,IRL,1970,0.57
Ireland,IRL,1971,0.56
Ireland,IRL,1972,0.56
Ireland,IRL,1973,0.61
Ireland,IRL,1974,0.68
Ireland,IRL,1975,0.73
Ireland,IRL,1976,0.85
Ireland,IRL,1977,0.87
Ireland,IRL,1978,0.83
Ireland,IRL,1979,0.82
Ireland,IRL,1980,0.62
Ireland,IRL,1981,0.62
Ireland,IRL,1982,0.59
Ireland,IRL,1983,0.55
Ireland,IRL,1984,0.57
Ireland,IRL,1985,0.6
Ireland,IRL,1986,0.58
Ireland,IRL,1987,0.59
Ireland,IRL,1988,0.65
Ireland,IRL,1989,0.68
Ireland,IRL,1990,0.71
Ireland,IRL,1991,0.74
Ireland,IRL,1992,0.8
Ireland,IRL,1993,0.86
Ireland,IRL,1994,0.9
Ireland,IRL,1995,0.97
Ireland,IRL,1996,1.08
Ireland,IRL,1997,1.2
Ireland,IRL,1998,1.35
Ireland,IRL,1999,1.54
Ireland,IRL,2000,1.9778
Ireland,IRL,2001,1.9778
Ireland,IRL,2002,2.14838
Ireland,IRL,2003,2.34993
Ireland,IRL,2004,2.49865
Ireland,IRL,2005,2.64944
Ireland,IRL,2006,2.75523
Ireland,IRL,2007,2.79669
Ireland,IRL,2008,2.71772
Ireland,IRL,2009,2.72309
Ireland,IRL,2010,2.7932
Ireland,IRL,2011,2.92279
Ireland,IRL,2012,2.83672
Ireland,IRL,2013,2.79487
Ireland,IRL,2014,2.787
Ireland,IRL,2015,2.91328
Ireland,IRL,2016,2.96864
Ireland,IRL,2017,2.97156
Ireland,IRL,2018,2.92349
Ireland,IRL,2019,2.92349
Ireland,IRL,2020,3.18117
Israel,ISR,1961,1.71
Israel,ISR,1962,2.03
Israel,ISR,1963,1.44
Israel,ISR,1964,2.26
Israel,ISR,1965,1.96
Israel,ISR,1966,1.7
Israel,ISR,1967,1.92
Israel,ISR,1968,1.69
Israel,ISR,1969,1.8
Israel,ISR,1970,1.42
Israel,ISR,1971,1.45
Israel,ISR,1972,1.94
Israel,ISR,1973,1.72
Israel,ISR,1974,1.62
Israel,ISR,1975,1.49
Israel,ISR,1976,1.54
Israel,ISR,1977,0.72
Israel,ISR,1978,0.68
Israel,ISR,1979,0.69
Israel,ISR,1980,0.66
Israel,ISR,1981,0.59
Israel,ISR,1982,0.58
Israel,ISR,1983,0.65
Israel,ISR,1984,0.6
Israel,ISR,1985,0.63
Israel,ISR,1986,0.61
Israel,ISR,1987,0.56
Israel,ISR,1988,0.5
Israel,ISR,1989,0.47
Israel,ISR,1990,0.43
Israel,ISR,1991,0.41
Israel,ISR,1992,0.41
Israel,ISR,1993,0.43
Israel,ISR,1994,0.35
Israel,ISR,1995,0.36
Israel,ISR,1996,0.21
Israel,ISR,1997,0.25
Israel,ISR,1998,0.25
Israel,ISR,1999,0.23
Israel,ISR,2000,0.22403
Israel,ISR,2001,0.22403
Israel,ISR,2002,0.19375
Israel,ISR,2003,0.18323
Israel,ISR,2004,0.16115
Israel,ISR,2005,0.15278
Israel,ISR,2006,0.13929
Israel,ISR,2007,0.13849
Israel,ISR,2008,0.13586
Israel,ISR,2009,0.1404
Israel,ISR,2010,0.13346
Israel,ISR,2011,0.13261
Israel,ISR,2012,0.11912
Israel,ISR,2013,0.09749
Israel,ISR,2014,0.07838
Israel,ISR,2015,0.07084
Israel,ISR,2016,0.0698
Israel,ISR,2017,0.07335
Israel,ISR,2018,0.0767
Israel,ISR,2019,0.0767
Israel,ISR,2020,0.0826
Italy,ITA,1961,17.24
Italy,ITA,1962,17.23
Italy,ITA,1963,15.66
Italy,ITA,1964,15.09
Italy,ITA,1965,16
Italy,ITA,1966,16.1
Italy,ITA,1967,16.2
Italy,ITA,1968,16.89
Italy,ITA,1969,16.75
Italy,ITA,1970,16.58
Italy,ITA,1971,16.44
Italy,ITA,1972,16.18
Italy,ITA,1973,15.93
Italy,ITA,1974,15.89
Italy,ITA,1975,15.1
Italy,ITA,1976,14.18
Italy,ITA,1977,13.46
Italy,ITA,1978,13.03
Italy,ITA,1979,12.81
Italy,ITA,1980,13.15
Italy,ITA,1981,12.13
Italy,ITA,1982,11.48
Italy,ITA,1983,11.49
Italy,ITA,1984,11.2
Italy,ITA,1985,10.29
Italy,ITA,1986,9.39
Italy,ITA,1987,8.89
Italy,ITA,1988,8.5
Italy,ITA,1989,8.27
Italy,ITA,1990,8.22
Italy,ITA,1991,8.12
Italy,ITA,1992,7.87
Italy,ITA,1993,7.64
Italy,ITA,1994,7.57
Italy,ITA,1995,7.19
Italy,ITA,1996,6.98
Italy,ITA,1997,6.88
Italy,ITA,1998,6.67
Italy,ITA,1999,6.6
Italy,ITA,2000,6.84214
Italy,ITA,2001,6.84214
Italy,ITA,2002,6.64605
Italy,ITA,2003,6.40083
Italy,ITA,2004,5.89801
Italy,ITA,2005,5.37027
Italy,ITA,2006,4.94667
Italy,ITA,2007,4.82
Italy,ITA,2008,4.62333
Italy,ITA,2009,4.46667
Italy,ITA,2010,4.4
Italy,ITA,2011,4.63
Italy,ITA,2012,4.76667
Italy,ITA,2013,4.94
Italy,ITA,2014,4.81499
Italy,ITA,2015,4.72285
Italy,ITA,2016,4.63413
Italy,ITA,2017,4.78803
Italy,ITA,2018,4.83944
Italy,ITA,2019,4.83944
Italy,ITA,2020,4.29822
Jamaica,JAM,1961,0.04
Jamaica,JAM,1962,0.05
Jamaica,JAM,1963,0.04
Jamaica,JAM,1964,0.05
Jamaica,JAM,1965,0.05
Jamaica,JAM,1966,0.05
Jamaica,JAM,1967,0.06
Jamaica,JAM,1968,0.06
Jamaica,JAM,1969,0.06
Jamaica,JAM,1970,0.08
Jamaica,JAM,1971,0.13
Jamaica,JAM,1972,0.09
Jamaica,JAM,1973,0.16
Jamaica,JAM,1974,0.05
Jamaica,JAM,1975,0.02
Jamaica,JAM,1976,0
Jamaica,JAM,1977,0
Jamaica,JAM,1978,0
Jamaica,JAM,1979,0
Jamaica,JAM,1980,0
Jamaica,JAM,1981,0
Jamaica,JAM,1982,0
Jamaica,JAM,1983,0
Jamaica,JAM,1984,0
Jamaica,JAM,1985,0.02
Jamaica,JAM,1986,0.01
Jamaica,JAM,1987,0.02
Jamaica,JAM,1988,0.03
Jamaica,JAM,1989,0.06
Jamaica,JAM,1990,0.02
Jamaica,JAM,1991,0.04
Jamaica,JAM,1992,0.03
Jamaica,JAM,1993,0.03
Jamaica,JAM,1994,0.06
Jamaica,JAM,1995,0.07
Jamaica,JAM,1996,0.07
Jamaica,JAM,1997,0.07
Jamaica,JAM,1998,0.06
Jamaica,JAM,1999,0.07
Jamaica,JAM,2000,0.08341
Jamaica,JAM,2001,0.08341
Jamaica,JAM,2002,0.07594
Jamaica,JAM,2003,0.0706
Jamaica,JAM,2004,0.09274
Jamaica,JAM,2005,0.11872
Jamaica,JAM,2006,0.12995
Jamaica,JAM,2007,0.1241
Jamaica,JAM,2008,0.11826
Jamaica,JAM,2009,0.12456
Jamaica,JAM,2010,0.12102
Jamaica,JAM,2011,0.10988
Jamaica,JAM,2012,0.10639
Jamaica,JAM,2013,0.11433
Jamaica,JAM,2014,0.13164
Jamaica,JAM,2015,0.16496
Jamaica,JAM,2016,0.22677
Jamaica,JAM,2017,0.27916
Jamaica,JAM,2018,0.28982
Jamaica,JAM,2019,0.28982
Jamaica,JAM,2020,0.23794
Japan,JPN,1961,0.02
Japan,JPN,1962,0.03
Japan,JPN,1963,0.03
Japan,JPN,1964,0.01
Japan,JPN,1965,0.02
Japan,JPN,1966,0.02
Japan,JPN,1967,0.04
Japan,JPN,1968,0.04
Japan,JPN,1969,0.03
Japan,JPN,1970,0.03
Japan,JPN,1971,0.03
Japan,JPN,1972,0.04
Japan,JPN,1973,0.06
Japan,JPN,1974,0.1
Japan,JPN,1975,0.07
Japan,JPN,1976,0.09
Japan,JPN,1977,0.1
Japan,JPN,1978,0.12
Japan,JPN,1979,0.12
Japan,JPN,1980,0.08
Japan,JPN,1981,0.08
Japan,JPN,1982,0.09
Japan,JPN,1983,0.09
Japan,JPN,1984,0.09
Japan,JPN,1985,0.09
Japan,JPN,1986,0.09
Japan,JPN,1987,0.11
Japan,JPN,1988,0.13
Japan,JPN,1989,0.17
Japan,JPN,1990,0.16
Japan,JPN,1991,0.14
Japan,JPN,1992,0.14
Japan,JPN,1993,0.15
Japan,JPN,1994,0.17
Japan,JPN,1995,0.18
Japan,JPN,1996,0.21
Japan,JPN,1997,0.31
Japan,JPN,1998,0.4
Japan,JPN,1999,0.3
Japan,JPN,2000,0.29247
Japan,JPN,2001,0.29247
Japan,JPN,2002,0.28612
Japan,JPN,2003,0.2734
Japan,JPN,2004,0.26384
Japan,JPN,2005,0.26009
Japan,JPN,2006,0.26148
Japan,JPN,2007,0.2576
Japan,JPN,2008,0.26081
Japan,JPN,2009,0.2719
Japan,JPN,2010,0.29355
Japan,JPN,2011,0.32282
Japan,JPN,2012,0.3481
Japan,JPN,2013,0.37057
Japan,JPN,2014,0.38681
Japan,JPN,2015,0.3941
Japan,JPN,2016,0.39939
Japan,JPN,2017,0.39508
Japan,JPN,2018,0.39585
Japan,JPN,2019,0.39585
Japan,JPN,2020,0.38823
Jordan,JOR,1961,0
Jordan,JOR,1962,0.01
Jordan,JOR,1963,0
Jordan,JOR,1964,0
Jordan,JOR,1965,0
Jordan,JOR,1966,0
Jordan,JOR,1967,0
Jordan,JOR,1968,0
Jordan,JOR,1969,0
Jordan,JOR,1970,0
Jordan,JOR,1971,0
Jordan,JOR,1972,0
Jordan,JOR,1973,0
Jordan,JOR,1974,0
Jordan,JOR,1975,0
Jordan,JOR,1976,0.01
Jordan,JOR,1977,0.01
Jordan,JOR,1978,0.01
Jordan,JOR,1979,0.02
Jordan,JOR,1980,0.02
Jordan,JOR,1981,0.03
Jordan,JOR,1982,0.03
Jordan,JOR,1983,0.03
Jordan,JOR,1984,0.02
Jordan,JOR,1985,0.01
Jordan,JOR,1986,0.02
Jordan,JOR,1987,0.01
Jordan,JOR,1988,0.02
Jordan,JOR,1989,0
Jordan,JOR,1990,0
Jordan,JOR,1991,0
Jordan,JOR,1992,0
Jordan,JOR,1993,0
Jordan,JOR,1994,0
Jordan,JOR,1995,0
Jordan,JOR,1996,0
Jordan,JOR,1997,0.01
Jordan,JOR,1998,0.01
Jordan,JOR,1999,0.01
Jordan,JOR,2000,0.00379
Jordan,JOR,2001,0.00379
Jordan,JOR,2002,0.0037
Jordan,JOR,2003,0.0036
Jordan,JOR,2004,0.00461
Jordan,JOR,2005,0.00557
Jordan,JOR,2006,0.00543
Jordan,JOR,2007,0.00417
Jordan,JOR,2008,0.00294
Jordan,JOR,2009,0.00367
Jordan,JOR,2010,0.00436
Jordan,JOR,2011,0.005
Jordan,JOR,2012,0.00472
Jordan,JOR,2013,0.00447
Jordan,JOR,2014,0.00425
Jordan,JOR,2015,0.00471
Jordan,JOR,2016,0.00518
Jordan,JOR,2017,0.00505
Jordan,JOR,2018,0.00489
Jordan,JOR,2019,0.00489
Jordan,JOR,2020,0.00525
Kazakhstan,KAZ,1990,0.7
Kazakhstan,KAZ,1991,0.83
Kazakhstan,KAZ,1992,0.48
Kazakhstan,KAZ,1993,0.31
Kazakhstan,KAZ,1994,0.37
Kazakhstan,KAZ,1995,0.16
Kazakhstan,KAZ,1996,0.18
Kazakhstan,KAZ,1997,0.27
Kazakhstan,KAZ,1998,0.36
Kazakhstan,KAZ,1999,0.29
Kazakhstan,KAZ,2000,0.27414
Kazakhstan,KAZ,2001,0.27414
Kazakhstan,KAZ,2002,0.28482
Kazakhstan,KAZ,2003,0.32289
Kazakhstan,KAZ,2004,0.32987
Kazakhstan,KAZ,2005,0.28893
Kazakhstan,KAZ,2006,0.24459
Kazakhstan,KAZ,2007,0.17076
Kazakhstan,KAZ,2008,0.11161
Kazakhstan,KAZ,2009,0.08294
Kazakhstan,KAZ,2010,0.06948
Kazakhstan,KAZ,2011,0.05895
Kazakhstan,KAZ,2012,0.0555
Kazakhstan,KAZ,2013,0.06215
Kazakhstan,KAZ,2014,0.0765
Kazakhstan,KAZ,2015,0.09015
Kazakhstan,KAZ,2016,0.11944
Kazakhstan,KAZ,2017,0.14968
Kazakhstan,KAZ,2018,0.16749
Kazakhstan,KAZ,2019,0.16749
Kazakhstan,KAZ,2020,0.14727
Kenya,KEN,1961,0.02
Kenya,KEN,1962,0.02
Kenya,KEN,1963,0.03
Kenya,KEN,1964,0.02
Kenya,KEN,1965,0.02
Kenya,KEN,1966,0.05
Kenya,KEN,1967,0.01
Kenya,KEN,1968,0.02
Kenya,KEN,1969,0.01
Kenya,KEN,1970,0.01
Kenya,KEN,1971,0.02
Kenya,KEN,1972,0.02
Kenya,KEN,1973,0.02
Kenya,KEN,1974,0.02
Kenya,KEN,1975,0.02
Kenya,KEN,1976,0.02
Kenya,KEN,1977,0.02
Kenya,KEN,1978,0.03
Kenya,KEN,1979,0.03
Kenya,KEN,1980,0.02
Kenya,KEN,1981,0.02
Kenya,KEN,1982,0.01
Kenya,KEN,1983,0.02
Kenya,KEN,1984,0.01
Kenya,KEN,1985,0.01
Kenya,KEN,1986,0.01
Kenya,KEN,1987,0
Kenya,KEN,1988,0
Kenya,KEN,1989,0
Kenya,KEN,1990,0
Kenya,KEN,1991,0
Kenya,KEN,1992,0
Kenya,KEN,1993,0
Kenya,KEN,1994,0
Kenya,KEN,1995,0.02
Kenya,KEN,1996,0.01
Kenya,KEN,1997,0.01
Kenya,KEN,1998,0.02
Kenya,KEN,1999,0.02
Kenya,KEN,2000,0.01589
Kenya,KEN,2001,0.01589
Kenya,KEN,2002,0.01697
Kenya,KEN,2003,0.01825
Kenya,KEN,2004,0.01809
Kenya,KEN,2005,0.01971
Kenya,KEN,2006,0.01873
Kenya,KEN,2007,0.01824
Kenya,KEN,2008,0.01681
Kenya,KEN,2009,0.01814
Kenya,KEN,2010,0.02045
Kenya,KEN,2011,0.02343
Kenya,KEN,2012,0.02473
Kenya,KEN,2013,0.02576
Kenya,KEN,2014,0.02567
Kenya,KEN,2015,0.02498
Kenya,KEN,2016,0.02429
Kenya,KEN,2017,0.02545
Kenya,KEN,2018,0.02746
Kenya,KEN,2019,0.02746
Kenya,KEN,2020,0.0258
Kiribati,KIR,1961,0.02
Kiribati,KIR,1962,0.02
Kiribati,KIR,1963,0.02
Kiribati,KIR,1964,0.03
Kiribati,KIR,1965,0.07
Kiribati,KIR,1966,0.01
Kiribati,KIR,1967,0.02
Kiribati,KIR,1968,0.04
Kiribati,KIR,1969,0.03
Kiribati,KIR,1970,0.04
Kiribati,KIR,1971,0.06
Kiribati,KIR,1972,0.06
Kiribati,KIR,1973,0.06
Kiribati,KIR,1974,0.04
Kiribati,KIR,1975,0.04
Kiribati,KIR,1976,0.04
Kiribati,KIR,1977,0.03
Kiribati,KIR,1978,0.03
Kiribati,KIR,1979,0.04
Kiribati,KIR,1980,0.03
Kiribati,KIR,1981,0.05
Kiribati,KIR,1982,0.03
Kiribati,KIR,1983,0.04
Kiribati,KIR,1984,0.04
Kiribati,KIR,1985,0.04
Kiribati,KIR,1986,0.02
Kiribati,KIR,1987,0.03
Kiribati,KIR,1988,0.02
Kiribati,KIR,1989,0.01
Kiribati,KIR,1990,0.02
Kiribati,KIR,1991,0.02
Kiribati,KIR,1992,0.01
Kiribati,KIR,1993,0.01
Kiribati,KIR,1994,0.01
Kiribati,KIR,1995,0.01
Kiribati,KIR,1996,0.01
Kiribati,KIR,1997,0.01
Kiribati,KIR,1998,0.02
Kiribati,KIR,1999,0.02
Kiribati,KIR,2000,0
Kiribati,KIR,2001,0
Kiribati,KIR,2002,0
Kiribati,KIR,2003,0
Kiribati,KIR,2004,0
Kiribati,KIR,2005,0
Kiribati,KIR,2006,0.06486
Kiribati,KIR,2007,0.06486
Kiribati,KIR,2008,0.06486
Kiribati,KIR,2009,0
Kiribati,KIR,2010,0
Kiribati,KIR,2011,0
Kiribati,KIR,2012,0
Kiribati,KIR,2013,0
Kiribati,KIR,2014,0
Kiribati,KIR,2015,0
Kiribati,KIR,2016,0
Kiribati,KIR,2017,0
Kiribati,KIR,2018,0
Kiribati,KIR,2019,0
Kiribati,KIR,2020,0
Kuwait,KWT,1961,0
Kuwait,KWT,1962,0
Kuwait,KWT,1963,0
Kuwait,KWT,1964,0
Kuwait,KWT,1965,0
Kuwait,KWT,1966,0
Kuwait,KWT,1967,0
Kuwait,KWT,1968,0
Kuwait,KWT,1969,0
Kuwait,KWT,1970,0
Kuwait,KWT,1971,0
Kuwait,KWT,1972,0
Kuwait,KWT,1973,0
Kuwait,KWT,1974,0
Kuwait,KWT,1975,0
Kuwait,KWT,1976,0
Kuwait,KWT,1977,0
Kuwait,KWT,1978,0
Kuwait,KWT,1979,0
Kuwait,KWT,1980,0
Kuwait,KWT,1981,0
Kuwait,KWT,1982,0
Kuwait,KWT,1983,0
Kuwait,KWT,1984,0
Kuwait,KWT,1985,0
Kuwait,KWT,1986,0
Kuwait,KWT,1987,0
Kuwait,KWT,1988,0
Kuwait,KWT,1989,0
Kuwait,KWT,1990,0
Kuwait,KWT,1991,0
Kuwait,KWT,1992,0
Kuwait,KWT,1993,0
Kuwait,KWT,1994,0
Kuwait,KWT,1995,0
Kuwait,KWT,1996,0
Kuwait,KWT,1997,0
Kuwait,KWT,1998,0
Kuwait,KWT,1999,0
Kuwait,KWT,2000,0
Kuwait,KWT,2001,0
Kuwait,KWT,2002,0
Kuwait,KWT,2003,0
Kuwait,KWT,2004,0
Kuwait,KWT,2005,0
Kuwait,KWT,2006,0
Kuwait,KWT,2007,0
Kuwait,KWT,2008,0
Kuwait,KWT,2009,0
Kuwait,KWT,2010,0
Kuwait,KWT,2011,0
Kuwait,KWT,2012,0
Kuwait,KWT,2013,0
Kuwait,KWT,2014,0
Kuwait,KWT,2015,0
Kuwait,KWT,2016,0
Kuwait,KWT,2017,0
Kuwait,KWT,2018,0
Kuwait,KWT,2019,0
Kuwait,KWT,2020,0
Kyrgyzstan,KGZ,1985,1.82
Kyrgyzstan,KGZ,1986,0.76
Kyrgyzstan,KGZ,1987,0.71
Kyrgyzstan,KGZ,1988,0.67
Kyrgyzstan,KGZ,1989,0.72
Kyrgyzstan,KGZ,1990,0.61
Kyrgyzstan,KGZ,1991,0.67
Kyrgyzstan,KGZ,1992,0.39
Kyrgyzstan,KGZ,1993,0.24
Kyrgyzstan,KGZ,1994,0.3
Kyrgyzstan,KGZ,1995,0.13
Kyrgyzstan,KGZ,1996,0.28
Kyrgyzstan,KGZ,1997,0.26
Kyrgyzstan,KGZ,1998,0.25
Kyrgyzstan,KGZ,1999,0.13
Kyrgyzstan,KGZ,2000,0.44182
Kyrgyzstan,KGZ,2001,0.44182
Kyrgyzstan,KGZ,2002,0.45273
Kyrgyzstan,KGZ,2003,0.42866
Kyrgyzstan,KGZ,2004,0.3865
Kyrgyzstan,KGZ,2005,0.34775
Kyrgyzstan,KGZ,2006,0.31123
Kyrgyzstan,KGZ,2007,0.27179
Kyrgyzstan,KGZ,2008,0.24378
Kyrgyzstan,KGZ,2009,0.25221
Kyrgyzstan,KGZ,2010,0.27816
Kyrgyzstan,KGZ,2011,0.29128
Kyrgyzstan,KGZ,2012,0.29341
Kyrgyzstan,KGZ,2013,0.29707
Kyrgyzstan,KGZ,2014,0.2829
Kyrgyzstan,KGZ,2015,0.2802
Kyrgyzstan,KGZ,2016,0.27129
Kyrgyzstan,KGZ,2017,0.2727
Kyrgyzstan,KGZ,2018,0.25386
Kyrgyzstan,KGZ,2019,0.25386
Kyrgyzstan,KGZ,2020,0.13136
Laos,LAO,1961,0.02
Laos,LAO,1962,0.03
Laos,LAO,1963,0.02
Laos,LAO,1964,0.01
Laos,LAO,1965,0.01
Laos,LAO,1966,0.01
Laos,LAO,1967,0.01
Laos,LAO,1968,0.01
Laos,LAO,1969,0.02
Laos,LAO,1970,0.02
Laos,LAO,1971,0.02
Laos,LAO,1972,0.01
Laos,LAO,1973,0.02
Laos,LAO,1974,0.02
Laos,LAO,1975,0.01
Laos,LAO,1976,0
Laos,LAO,1977,0
Laos,LAO,1978,0
Laos,LAO,1979,0
Laos,LAO,1980,0
Laos,LAO,1981,0
Laos,LAO,1982,0
Laos,LAO,1983,0
Laos,LAO,1984,0
Laos,LAO,1985,0
Laos,LAO,1986,0
Laos,LAO,1987,0
Laos,LAO,1988,0
Laos,LAO,1989,1.13
Laos,LAO,1990,0
Laos,LAO,1991,0
Laos,LAO,1992,0
Laos,LAO,1993,0
Laos,LAO,1994,0
Laos,LAO,1995,0
Laos,LAO,1996,0.01
Laos,LAO,1997,0.01
Laos,LAO,1998,0.01
Laos,LAO,1999,0.01
Laos,LAO,2000,0.0219
Laos,LAO,2001,0.0219
Laos,LAO,2002,0.0252
Laos,LAO,2003,0.02583
Laos,LAO,2004,0.02632
Laos,LAO,2005,0.02675
Laos,LAO,2006,0.02715
Laos,LAO,2007,0.02741
Laos,LAO,2008,0.02975
Laos,LAO,2009,0.03306
Laos,LAO,2010,0.03721
Laos,LAO,2011,0.04114
Laos,LAO,2012,0.04681
Laos,LAO,2013,0.05499
Laos,LAO,2014,0.06292
Laos,LAO,2015,0.06965
Laos,LAO,2016,0.06488
Laos,LAO,2017,0.05172
Laos,LAO,2018,0.03959
Laos,LAO,2019,0.03959
Laos,LAO,2020,0.03878
Latvia,LVA,1980,3.35
Latvia,LVA,1981,3.16
Latvia,LVA,1982,2.96
Latvia,LVA,1983,2.6
Latvia,LVA,1984,2.59
Latvia,LVA,1985,2.34
Latvia,LVA,1986,1.19
Latvia,LVA,1987,1.05
Latvia,LVA,1988,1.14
Latvia,LVA,1989,1.44
Latvia,LVA,1990,1.39
Latvia,LVA,1991,1.27
Latvia,LVA,1992,1.25
Latvia,LVA,1993,1.59
Latvia,LVA,1994,1.64
Latvia,LVA,1995,1.01
Latvia,LVA,1996,1.06
Latvia,LVA,1997,0.84
Latvia,LVA,1998,1.13
Latvia,LVA,1999,1.25
Latvia,LVA,2000,1.49698
Latvia,LVA,2001,1.49698
Latvia,LVA,2002,1.55555
Latvia,LVA,2003,1.41233
Latvia,LVA,2004,1.21135
Latvia,LVA,2005,0.95136
Latvia,LVA,2006,1.03333
Latvia,LVA,2007,1.13333
Latvia,LVA,2008,1.13333
Latvia,LVA,2009,1.1
Latvia,LVA,2010,1.06667
Latvia,LVA,2011,1.13333
Latvia,LVA,2012,1.13333
Latvia,LVA,2013,1.16667
Latvia,LVA,2014,1.16667
Latvia,LVA,2015,1.23333
Latvia,LVA,2016,1.3
Latvia,LVA,2017,1.43333
Latvia,LVA,2018,1.56667
Latvia,LVA,2019,1.56667
Latvia,LVA,2020,1.56282
Lebanon,LBN,1961,0.48
Lebanon,LBN,1962,0.48
Lebanon,LBN,1963,0.47
Lebanon,LBN,1964,0.46
Lebanon,LBN,1965,0.44
Lebanon,LBN,1966,0.44
Lebanon,LBN,1967,0.42
Lebanon,LBN,1968,0.41
Lebanon,LBN,1969,0.4
Lebanon,LBN,1970,0.39
Lebanon,LBN,1971,0.38
Lebanon,LBN,1972,0.37
Lebanon,LBN,1973,0.4
Lebanon,LBN,1974,0.4
Lebanon,LBN,1975,0.39
Lebanon,LBN,1976,0.39
Lebanon,LBN,1977,0.39
Lebanon,LBN,1978,0.38
Lebanon,LBN,1979,0.39
Lebanon,LBN,1980,0.39
Lebanon,LBN,1981,0.5
Lebanon,LBN,1982,0.49
Lebanon,LBN,1983,0.47
Lebanon,LBN,1984,0.55
Lebanon,LBN,1985,0.63
Lebanon,LBN,1986,0.7
Lebanon,LBN,1987,0.78
Lebanon,LBN,1988,0.88
Lebanon,LBN,1989,0.89
Lebanon,LBN,1990,0.82
Lebanon,LBN,1991,1.08
Lebanon,LBN,1992,1.2
Lebanon,LBN,1993,1.28
Lebanon,LBN,1994,1.37
Lebanon,LBN,1995,1.37
Lebanon,LBN,1996,0.7
Lebanon,LBN,1997,1.04
Lebanon,LBN,1998,0.77
Lebanon,LBN,1999,0.76
Lebanon,LBN,2000,0.63596
Lebanon,LBN,2001,0.63596
Lebanon,LBN,2002,0.58514
Lebanon,LBN,2003,0.54044
Lebanon,LBN,2004,0.51114
Lebanon,LBN,2005,0.47541
Lebanon,LBN,2006,0.42063
Lebanon,LBN,2007,0.35189
Lebanon,LBN,2008,0.28003
Lebanon,LBN,2009,0.22803
Lebanon,LBN,2010,0.20082
Lebanon,LBN,2011,0.20398
Lebanon,LBN,2012,0.21722
Lebanon,LBN,2013,0.22457
Lebanon,LBN,2014,0.22687
Lebanon,LBN,2015,0.22856
Lebanon,LBN,2016,0.22854
Lebanon,LBN,2017,0.22209
Lebanon,LBN,2018,0.21192
Lebanon,LBN,2019,0.21192
Lebanon,LBN,2020,0.20648
Lesotho,LSO,1961,0
Lesotho,LSO,1962,0
Lesotho,LSO,1963,0
Lesotho,LSO,1964,0
Lesotho,LSO,1965,0
Lesotho,LSO,1966,0
Lesotho,LSO,1967,0
Lesotho,LSO,1968,0
Lesotho,LSO,1969,0
Lesotho,LSO,1970,0
Lesotho,LSO,1971,0
Lesotho,LSO,1973,0
Lesotho,LSO,1974,0
Lesotho,LSO,1975,0.03
Lesotho,LSO,1976,0.04
Lesotho,LSO,1977,0.03
Lesotho,LSO,1978,0.03
Lesotho,LSO,1979,0.07
Lesotho,LSO,1980,0.07
Lesotho,LSO,1981,0.07
Lesotho,LSO,1982,0.05
Lesotho,LSO,1983,0.05
Lesotho,LSO,1984,0.13
Lesotho,LSO,1985,0.05
Lesotho,LSO,1986,0.04
Lesotho,LSO,1987,0.05
Lesotho,LSO,1988,0.06
Lesotho,LSO,1989,0.06
Lesotho,LSO,1990,0.05
Lesotho,LSO,1991,0.05
Lesotho,LSO,1992,0.05
Lesotho,LSO,1993,0.05
Lesotho,LSO,1994,0.05
Lesotho,LSO,1995,0.05
Lesotho,LSO,1996,0.05
Lesotho,LSO,1997,0.05
Lesotho,LSO,1998,0.05
Lesotho,LSO,1999,0.04
Lesotho,LSO,2000,0.0261
Lesotho,LSO,2001,0.0261
Lesotho,LSO,2002,0.01298
Lesotho,LSO,2003,0
Lesotho,LSO,2004,0
Lesotho,LSO,2005,0
Lesotho,LSO,2006,0.00316
Lesotho,LSO,2007,0.0063
Lesotho,LSO,2008,0.0094
Lesotho,LSO,2009,0.00932
Lesotho,LSO,2010,0.00924
Lesotho,LSO,2011,0.00916
Lesotho,LSO,2012,0.02105
Lesotho,LSO,2013,0.05348
Lesotho,LSO,2014,0.08546
Lesotho,LSO,2015,0.10224
Lesotho,LSO,2016,0.10956
Lesotho,LSO,2017,0.10558
Lesotho,LSO,2018,0.10169
Lesotho,LSO,2019,0.10169
Lesotho,LSO,2020,0.124
Liberia,LBR,1961,0.02
Liberia,LBR,1962,0.07
Liberia,LBR,1963,0.01
Liberia,LBR,1964,0.08
Liberia,LBR,1965,0.03
Liberia,LBR,1966,0.08
Liberia,LBR,1967,0.05
Liberia,LBR,1968,0.05
Liberia,LBR,1969,0.05
Liberia,LBR,1970,0.08
Liberia,LBR,1971,0.13
Liberia,LBR,1972,0.08
Liberia,LBR,1973,0.08
Liberia,LBR,1974,0.11
Liberia,LBR,1975,0.05
Liberia,LBR,1976,0.06
Liberia,LBR,1977,0.07
Liberia,LBR,1978,0.06
Liberia,LBR,1979,0.04
Liberia,LBR,1980,0.03
Liberia,LBR,1981,0.03
Liberia,LBR,1982,0.02
Liberia,LBR,1983,0.02
Liberia,LBR,1984,0.02
Liberia,LBR,1985,0.02
Liberia,LBR,1986,0.02
Liberia,LBR,1987,0.02
Liberia,LBR,1988,0.02
Liberia,LBR,1989,0.03
Liberia,LBR,1990,0.01
Liberia,LBR,1991,0.01
Liberia,LBR,1992,0
Liberia,LBR,1993,0.01
Liberia,LBR,1994,0
Liberia,LBR,1995,0.02
Liberia,LBR,1996,0
Liberia,LBR,1997,0.03
Liberia,LBR,1998,0.01
Liberia,LBR,1999,0.01
Liberia,LBR,2000,0.00713
Liberia,LBR,2001,0.00713
Liberia,LBR,2002,0.00696
Liberia,LBR,2003,0.00682
Liberia,LBR,2004,0.00668
Liberia,LBR,2005,0.00441
Liberia,LBR,2006,0.0042
Liberia,LBR,2007,0.00398
Liberia,LBR,2008,0.00585
Liberia,LBR,2009,0.00743
Liberia,LBR,2010,0.00897
Liberia,LBR,2011,0.01048
Liberia,LBR,2012,0.01016
Liberia,LBR,2013,0.01304
Liberia,LBR,2014,0.01583
Liberia,LBR,2015,0.02004
Liberia,LBR,2016,0.02821
Liberia,LBR,2017,0.04036
Liberia,LBR,2018,0.04654
Liberia,LBR,2019,0.04654
Liberia,LBR,2020,0.03183
Libya,LBY,1961,0.52
Libya,LBY,1962,0.55
Libya,LBY,1963,0.43
Libya,LBY,1964,0.44
Libya,LBY,1965,0.32
Libya,LBY,1966,0.4
Libya,LBY,1967,0.4
Libya,LBY,1968,0.39
Libya,LBY,1969,0.37
Libya,LBY,1970,0
Libya,LBY,1971,0
Libya,LBY,1972,0
Libya,LBY,1973,0
Libya,LBY,1974,0
Libya,LBY,1975,0
Libya,LBY,1976,0
Libya,LBY,1977,0
Libya,LBY,1978,0
Libya,LBY,1979,0
Libya,LBY,1980,0
Libya,LBY,1981,0
Libya,LBY,1982,0
Libya,LBY,1983,0
Libya,LBY,1984,0
Libya,LBY,1985,0
Libya,LBY,1986,0
Libya,LBY,1987,0
Libya,LBY,1988,0
Libya,LBY,1989,0
Libya,LBY,1990,0
Libya,LBY,1991,0
Libya,LBY,1992,0
Libya,LBY,1993,0
Libya,LBY,1994,0
Libya,LBY,1995,0
Libya,LBY,1996,0
Libya,LBY,1997,0
Libya,LBY,1998,0
Libya,LBY,1999,0
Libya,LBY,2000,0
Libya,LBY,2001,0
Libya,LBY,2002,0
Libya,LBY,2003,0
Libya,LBY,2004,0
Libya,LBY,2005,0
Libya,LBY,2006,0
Libya,LBY,2007,0
Libya,LBY,2008,0
Libya,LBY,2009,0
Libya,LBY,2010,0
Libya,LBY,2011,0
Libya,LBY,2012,0
Libya,LBY,2013,0
Libya,LBY,2014,0.00088
Libya,LBY,2015,0.00174
Libya,LBY,2016,0.00174
Libya,LBY,2017,0.00086
Libya,LBY,2018,0.00082
Libya,LBY,2019,0.00082
Libya,LBY,2020,0.00242
Lithuania,LTU,1990,0.31
Lithuania,LTU,1991,0.63
Lithuania,LTU,1992,0.25
Lithuania,LTU,1993,0.39
Lithuania,LTU,1994,0.25
Lithuania,LTU,1995,0.55
Lithuania,LTU,1996,1.26
Lithuania,LTU,1997,0.89
Lithuania,LTU,1998,0.95
Lithuania,LTU,1999,1.12
Lithuania,LTU,2000,2.01712
Lithuania,LTU,2001,2.01712
Lithuania,LTU,2002,2.0626
Lithuania,LTU,2003,2.22328
Lithuania,LTU,2004,2.08222
Lithuania,LTU,2005,1.99493
Lithuania,LTU,2006,1.54637
Lithuania,LTU,2007,1.33271
Lithuania,LTU,2008,1.02639
Lithuania,LTU,2009,1.05195
Lithuania,LTU,2010,1.17079
Lithuania,LTU,2011,1.29991
Lithuania,LTU,2012,1.43297
Lithuania,LTU,2013,1.48497
Lithuania,LTU,2014,1.38337
Lithuania,LTU,2015,1.23138
Lithuania,LTU,2016,1.00483
Lithuania,LTU,2017,0.89911
Lithuania,LTU,2018,0.84302
Lithuania,LTU,2019,0.84302
Lithuania,LTU,2020,0.92258
Luxembourg,LUX,1961,11.21
Luxembourg,LUX,1962,10.93
Luxembourg,LUX,1963,10.65
Luxembourg,LUX,1964,10.34
Luxembourg,LUX,1965,10
Luxembourg,LUX,1966,9.82
Luxembourg,LUX,1967,9.69
Luxembourg,LUX,1968,9.65
Luxembourg,LUX,1969,9.46
Luxembourg,LUX,1970,9.22
Luxembourg,LUX,1971,9.31
Luxembourg,LUX,1972,9.3
Luxembourg,LUX,1973,9.34
Luxembourg,LUX,1974,9.08
Luxembourg,LUX,1975,9.27
Luxembourg,LUX,1976,9.08
Luxembourg,LUX,1977,9.07
Luxembourg,LUX,1978,8.64
Luxembourg,LUX,1979,8.39
Luxembourg,LUX,1980,8.32
Luxembourg,LUX,1981,8.09
Luxembourg,LUX,1982,7.99
Luxembourg,LUX,1983,7.87
Luxembourg,LUX,1984,7.57
Luxembourg,LUX,1985,7.38
Luxembourg,LUX,1986,6.97
Luxembourg,LUX,1987,7.04
Luxembourg,LUX,1988,6.98
Luxembourg,LUX,1989,6.99
Luxembourg,LUX,1990,6.715
Luxembourg,LUX,1991,6.105
Luxembourg,LUX,1992,5.95
Luxembourg,LUX,1993,5.89
Luxembourg,LUX,1994,5.745
Luxembourg,LUX,1995,5.81
Luxembourg,LUX,1996,5.62
Luxembourg,LUX,1997,5.555
Luxembourg,LUX,1998,5.47
Luxembourg,LUX,1999,5.4
Luxembourg,LUX,2000,5.86833
Luxembourg,LUX,2001,5.86833
Luxembourg,LUX,2002,5.8
Luxembourg,LUX,2003,5.66167
Luxembourg,LUX,2004,5.50103
Luxembourg,LUX,2005,5.42034
Luxembourg,LUX,2006,5.37373
Luxembourg,LUX,2007,5.33615
Luxembourg,LUX,2008,5.27672
Luxembourg,LUX,2009,5.21922
Luxembourg,LUX,2010,5.23479
Luxembourg,LUX,2011,5.23252
Luxembourg,LUX,2012,5.22257
Luxembourg,LUX,2013,5.15512
Luxembourg,LUX,2014,5.10541
Luxembourg,LUX,2015,5.06064
Luxembourg,LUX,2016,5.06292
Luxembourg,LUX,2017,4.97172
Luxembourg,LUX,2018,4.91579
Luxembourg,LUX,2019,4.91579
Luxembourg,LUX,2020,4.48355
Madagascar,MDG,1961,0.96
Madagascar,MDG,1962,0.89
Madagascar,MDG,1963,0.77
Madagascar,MDG,1964,0.74
Madagascar,MDG,1965,0.69
Madagascar,MDG,1966,0.58
Madagascar,MDG,1967,0.57
Madagascar,MDG,1968,0.69
Madagascar,MDG,1969,0.58
Madagascar,MDG,1970,0.52
Madagascar,MDG,1971,0.55
Madagascar,MDG,1972,0.38
Madagascar,MDG,1973,0.43
Madagascar,MDG,1974,0.21
Madagascar,MDG,1975,0.36
Madagascar,MDG,1976,0.27
Madagascar,MDG,1977,0.33
Madagascar,MDG,1978,0.32
Madagascar,MDG,1979,0.19
Madagascar,MDG,1980,0.21
Madagascar,MDG,1981,0.17
Madagascar,MDG,1982,0.17
Madagascar,MDG,1983,0.18
Madagascar,MDG,1984,0.19
Madagascar,MDG,1985,0.19
Madagascar,MDG,1986,0.19
Madagascar,MDG,1987,0.19
Madagascar,MDG,1988,0.18
Madagascar,MDG,1989,0.19
Madagascar,MDG,1990,0.11
Madagascar,MDG,1991,0.11
Madagascar,MDG,1992,0.1
Madagascar,MDG,1993,0.1
Madagascar,MDG,1994,0.1
Madagascar,MDG,1995,0.1
Madagascar,MDG,1996,0.09
Madagascar,MDG,1997,0.09
Madagascar,MDG,1998,0.09
Madagascar,MDG,1999,0.09
Madagascar,MDG,2000,0.12428
Madagascar,MDG,2001,0.12428
Madagascar,MDG,2002,0.12088
Madagascar,MDG,2003,0.11747
Madagascar,MDG,2004,0.10312
Madagascar,MDG,2005,0.09261
Madagascar,MDG,2006,0.08462
Madagascar,MDG,2007,0.0894
Madagascar,MDG,2008,0.09157
Madagascar,MDG,2009,0.09139
Madagascar,MDG,2010,0.09108
Madagascar,MDG,2011,0.09063
Madagascar,MDG,2012,0.08864
Madagascar,MDG,2013,0.08484
Madagascar,MDG,2014,0.0785
Madagascar,MDG,2015,0.07281
Madagascar,MDG,2016,0.06875
Madagascar,MDG,2017,0.06781
Madagascar,MDG,2018,0.068
Madagascar,MDG,2019,0.068
Madagascar,MDG,2020,0.06435
Malawi,MWI,1961,0
Malawi,MWI,1962,0
Malawi,MWI,1963,0
Malawi,MWI,1964,0
Malawi,MWI,1965,0
Malawi,MWI,1966,0.01
Malawi,MWI,1967,0.01
Malawi,MWI,1968,0.01
Malawi,MWI,1969,0.01
Malawi,MWI,1970,0.01
Malawi,MWI,1971,0.01
Malawi,MWI,1972,0.01
Malawi,MWI,1973,0.01
Malawi,MWI,1974,0.01
Malawi,MWI,1975,0.01
Malawi,MWI,1976,0.01
Malawi,MWI,1977,0
Malawi,MWI,1978,0.01
Malawi,MWI,1979,0.01
Malawi,MWI,1980,0.01
Malawi,MWI,1981,0.01
Malawi,MWI,1982,0.01
Malawi,MWI,1983,0.01
Malawi,MWI,1984,0.01
Malawi,MWI,1985,0.01
Malawi,MWI,1986,0
Malawi,MWI,1987,0.01
Malawi,MWI,1988,0.01
Malawi,MWI,1989,0.01
Malawi,MWI,1990,0.01
Malawi,MWI,1991,0.01
Malawi,MWI,1992,0.01
Malawi,MWI,1993,0
Malawi,MWI,1994,0.01
Malawi,MWI,1995,0
Malawi,MWI,1996,0.01
Malawi,MWI,1997,0.01
Malawi,MWI,1998,0.01
Malawi,MWI,1999,0.01
Malawi,MWI,2000,0.00576
Malawi,MWI,2001,0.00576
Malawi,MWI,2002,0.01073
Malawi,MWI,2003,0.01125
Malawi,MWI,2004,0.00797
Malawi,MWI,2005,0.00473
Malawi,MWI,2006,0.00403
Malawi,MWI,2007,0.00393
Malawi,MWI,2008,0.00432
Malawi,MWI,2009,0.00474
Malawi,MWI,2010,0.00465
Malawi,MWI,2011,0.00398
Malawi,MWI,2012,0.00384
Malawi,MWI,2013,0.00374
Malawi,MWI,2014,0.00317
Malawi,MWI,2015,0.00219
Malawi,MWI,2016,0.0017
Malawi,MWI,2017,0.0079
Malawi,MWI,2018,0.01432
Malawi,MWI,2019,0.01432
Malawi,MWI,2020,0.0022
Malaysia,MYS,1961,0.02
Malaysia,MYS,1962,0.01
Malaysia,MYS,1963,0.01
Malaysia,MYS,1964,0.01
Malaysia,MYS,1965,0.01
Malaysia,MYS,1966,0.01
Malaysia,MYS,1967,0.01
Malaysia,MYS,1968,0.01
Malaysia,MYS,1969,0.01
Malaysia,MYS,1970,0.01
Malaysia,MYS,1971,0.01
Malaysia,MYS,1972,0.01
Malaysia,MYS,1973,0.01
Malaysia,MYS,1974,0.01
Malaysia,MYS,1975,0.01
Malaysia,MYS,1976,0.01
Malaysia,MYS,1977,0.01
Malaysia,MYS,1978,0.01
Malaysia,MYS,1979,0.01
Malaysia,MYS,1980,0.01
Malaysia,MYS,1981,0.01
Malaysia,MYS,1982,0.03
Malaysia,MYS,1983,0
Malaysia,MYS,1984,0
Malaysia,MYS,1985,0.02
Malaysia,MYS,1986,0.01
Malaysia,MYS,1987,0.03
Malaysia,MYS,1988,0.02
Malaysia,MYS,1989,0
Malaysia,MYS,1990,0.02
Malaysia,MYS,1991,0.02
Malaysia,MYS,1992,0.06
Malaysia,MYS,1993,0.03
Malaysia,MYS,1994,0
Malaysia,MYS,1995,0.04
Malaysia,MYS,1996,0.02
Malaysia,MYS,1997,0
Malaysia,MYS,1998,0
Malaysia,MYS,1999,0.08
Malaysia,MYS,2000,0.01732
Malaysia,MYS,2001,0.01732
Malaysia,MYS,2002,0.02256
Malaysia,MYS,2003,0.03845
Malaysia,MYS,2004,0.04128
Malaysia,MYS,2005,0.03868
Malaysia,MYS,2006,0.02468
Malaysia,MYS,2007,0.02399
Malaysia,MYS,2008,0.02339
Malaysia,MYS,2009,0.02521
Malaysia,MYS,2010,0.02536
Malaysia,MYS,2011,0.02409
Malaysia,MYS,2012,0.02145
Malaysia,MYS,2013,0.02163
Malaysia,MYS,2014,0.0262
Malaysia,MYS,2015,0.03153
Malaysia,MYS,2016,0.03767
Malaysia,MYS,2017,0.04226
Malaysia,MYS,2018,0.04311
Malaysia,MYS,2019,0.04311
Malaysia,MYS,2020,0.03003
Maldives,MDV,2000,0.31589
Maldives,MDV,2001,0.31589
Maldives,MDV,2002,0.36159
Maldives,MDV,2003,0.42425
Maldives,MDV,2004,0.42332
Maldives,MDV,2005,0.42087
Maldives,MDV,2006,0.45097
Maldives,MDV,2007,0.51538
Maldives,MDV,2008,0.56005
Maldives,MDV,2009,0.55204
Maldives,MDV,2010,0.5542
Maldives,MDV,2011,0.55397
Maldives,MDV,2012,0.53971
Maldives,MDV,2013,0.50988
Maldives,MDV,2014,0.47109
Maldives,MDV,2015,0.45823
Maldives,MDV,2016,0.44541
Maldives,MDV,2017,0.48473
Maldives,MDV,2018,0.53358
Maldives,MDV,2019,0.53358
Maldives,MDV,2020,0.60746
Mali,MLI,1961,0.06
Mali,MLI,1962,0.02
Mali,MLI,1963,0.02
Mali,MLI,1964,0.02
Mali,MLI,1965,0.02
Mali,MLI,1966,0.01
Mali,MLI,1967,0.01
Mali,MLI,1968,0.01
Mali,MLI,1969,0.01
Mali,MLI,1970,0.01
Mali,MLI,1971,0.01
Mali,MLI,1972,0.01
Mali,MLI,1973,0
Mali,MLI,1974,0
Mali,MLI,1975,0
Mali,MLI,1976,0
Mali,MLI,1977,0
Mali,MLI,1978,0
Mali,MLI,1979,0
Mali,MLI,1980,0.01
Mali,MLI,1981,0.01
Mali,MLI,1982,0.01
Mali,MLI,1983,0.01
Mali,MLI,1984,0
Mali,MLI,1985,0.01
Mali,MLI,1986,0
Mali,MLI,1987,0.01
Mali,MLI,1988,0.01
Mali,MLI,1989,0.01
Mali,MLI,1990,0.02
Mali,MLI,1991,0.01
Mali,MLI,1992,0.01
Mali,MLI,1993,0.01
Mali,MLI,1994,0
Mali,MLI,1995,0.01
Mali,MLI,1996,0.01
Mali,MLI,1997,0
Mali,MLI,1998,0
Mali,MLI,1999,0.01
Mali,MLI,2000,0.01496
Mali,MLI,2001,0.01496
Mali,MLI,2002,0.01616
Mali,MLI,2003,0.01538
Mali,MLI,2004,0.00487
Mali,MLI,2005,0.0047
Mali,MLI,2006,0.00515
Mali,MLI,2007,0.005
Mali,MLI,2008,0.00485
Mali,MLI,2009,0.00622
Mali,MLI,2010,0.00756
Mali,MLI,2011,0.00744
Mali,MLI,2012,0.0058
Mali,MLI,2013,0.0042
Mali,MLI,2014,0.00541
Mali,MLI,2015,0.00657
Mali,MLI,2016,0.00686
Mali,MLI,2017,0.00621
Mali,MLI,2018,0.00829
Mali,MLI,2019,0.00829
Mali,MLI,2020,0.02125
Malta,MLT,1961,0.47
Malta,MLT,1962,0
Malta,MLT,1963,0
Malta,MLT,1964,0
Malta,MLT,1965,0.05
Malta,MLT,1966,0.07
Malta,MLT,1967,0.12
Malta,MLT,1968,0.16
Malta,MLT,1969,0.14
Malta,MLT,1970,0.81
Malta,MLT,1971,0.33
Malta,MLT,1972,0
Malta,MLT,1973,0.28
Malta,MLT,1974,0.66
Malta,MLT,1975,0.33
Malta,MLT,1976,1.41
Malta,MLT,1977,0.34
Malta,MLT,1978,0.99
Malta,MLT,1979,0.61
Malta,MLT,1980,0.48
Malta,MLT,1981,0.95
Malta,MLT,1982,0.83
Malta,MLT,1983,1.05
Malta,MLT,1984,1.26
Malta,MLT,1985,1.17
Malta,MLT,1986,1.49
Malta,MLT,1987,1.24
Malta,MLT,1988,1.89
Malta,MLT,1989,1.89
Malta,MLT,1990,1.88
Malta,MLT,1991,1.95
Malta,MLT,1992,1.95
Malta,MLT,1993,2.02
Malta,MLT,1994,2.09
Malta,MLT,1995,2.16
Malta,MLT,1996,2.22
Malta,MLT,1997,2.09
Malta,MLT,1998,2.5
Malta,MLT,1999,2.47
Malta,MLT,2000,1.12636
Malta,MLT,2001,1.12636
Malta,MLT,2002,1.66629
Malta,MLT,2003,2.13756
Malta,MLT,2004,2.54214
Malta,MLT,2005,3.08237
Malta,MLT,2006,3.16107
Malta,MLT,2007,3.08901
Malta,MLT,2008,2.53044
Malta,MLT,2009,2.34284
Malta,MLT,2010,2.25113
Malta,MLT,2011,2.13423
Malta,MLT,2012,2.07589
Malta,MLT,2013,2.05256
Malta,MLT,2014,2.05158
Malta,MLT,2015,2.14139
Malta,MLT,2016,2.33173
Malta,MLT,2017,2.4184
Malta,MLT,2018,2.38018
Malta,MLT,2019,2.38018
Malta,MLT,2020,2.25354
Mauritania,MRT,1961,0.07
Mauritania,MRT,1962,0.08
Mauritania,MRT,1963,0.05
Mauritania,MRT,1964,0.03
Mauritania,MRT,1965,0.03
Mauritania,MRT,1966,0.02
Mauritania,MRT,1967,0.02
Mauritania,MRT,1968,0.02
Mauritania,MRT,1969,0.02
Mauritania,MRT,1970,0.05
Mauritania,MRT,1971,0.05
Mauritania,MRT,1972,0.08
Mauritania,MRT,1973,0.06
Mauritania,MRT,1974,0.06
Mauritania,MRT,1975,0.03
Mauritania,MRT,1976,0.05
Mauritania,MRT,1977,0.04
Mauritania,MRT,1978,0.03
Mauritania,MRT,1979,0.03
Mauritania,MRT,1980,0.03
Mauritania,MRT,1981,0.03
Mauritania,MRT,1982,0.02
Mauritania,MRT,1983,0.01
Mauritania,MRT,1984,0.02
Mauritania,MRT,1985,0.03
Mauritania,MRT,1986,0.02
Mauritania,MRT,1987,0.01
Mauritania,MRT,1988,0
Mauritania,MRT,1989,0
Mauritania,MRT,1990,0
Mauritania,MRT,1991,0.01
Mauritania,MRT,1992,0.01
Mauritania,MRT,1993,0.01
Mauritania,MRT,1994,0.01
Mauritania,MRT,1995,0.01
Mauritania,MRT,1996,0.01
Mauritania,MRT,1997,0.01
Mauritania,MRT,1998,0.01
Mauritania,MRT,1999,0.01
Mauritania,MRT,2000,0
Mauritania,MRT,2001,0
Mauritania,MRT,2002,0
Mauritania,MRT,2003,0
Mauritania,MRT,2004,0
Mauritania,MRT,2005,0
Mauritania,MRT,2006,0
Mauritania,MRT,2007,0
Mauritania,MRT,2008,0
Mauritania,MRT,2009,0
Mauritania,MRT,2010,0
Mauritania,MRT,2011,0
Mauritania,MRT,2012,0
Mauritania,MRT,2013,0
Mauritania,MRT,2014,0
Mauritania,MRT,2015,0
Mauritania,MRT,2016,0
Mauritania,MRT,2017,0
Mauritania,MRT,2018,0
Mauritania,MRT,2019,0
Mauritania,MRT,2020,0
Mauritius,MUS,1961,0.15
Mauritius,MUS,1962,0.17
Mauritius,MUS,1963,0.19
Mauritius,MUS,1964,0.14
Mauritius,MUS,1965,0.14
Mauritius,MUS,1966,0.09
Mauritius,MUS,1967,0.07
Mauritius,MUS,1968,0.08
Mauritius,MUS,1969,0.08
Mauritius,MUS,1970,0.08
Mauritius,MUS,1971,0.09
Mauritius,MUS,1972,0.13
Mauritius,MUS,1973,0.13
Mauritius,MUS,1974,0.15
Mauritius,MUS,1975,0.12
Mauritius,MUS,1976,0.13
Mauritius,MUS,1977,0.12
Mauritius,MUS,1978,0.1
Mauritius,MUS,1979,0.05
Mauritius,MUS,1980,0.06
Mauritius,MUS,1981,0.07
Mauritius,MUS,1982,0.05
Mauritius,MUS,1983,0.05
Mauritius,MUS,1984,0.06
Mauritius,MUS,1985,0.05
Mauritius,MUS,1986,0.11
Mauritius,MUS,1987,0.13
Mauritius,MUS,1988,0.15
Mauritius,MUS,1989,0.13
Mauritius,MUS,1990,0.14
Mauritius,MUS,1991,0.16
Mauritius,MUS,1992,0.25
Mauritius,MUS,1993,0.16
Mauritius,MUS,1994,0.22
Mauritius,MUS,1995,0.2
Mauritius,MUS,1996,0.2
Mauritius,MUS,1997,0.24
Mauritius,MUS,1998,0.24
Mauritius,MUS,1999,0.43
Mauritius,MUS,2000,0.17555
Mauritius,MUS,2001,0.17555
Mauritius,MUS,2002,0.16474
Mauritius,MUS,2003,0.18559
Mauritius,MUS,2004,0.20609
Mauritius,MUS,2005,0.20878
Mauritius,MUS,2006,0.21086
Mauritius,MUS,2007,0.21672
Mauritius,MUS,2008,0.21849
Mauritius,MUS,2009,0.22007
Mauritius,MUS,2010,0.21749
Mauritius,MUS,2011,0.21959
Mauritius,MUS,2012,0.21367
Mauritius,MUS,2013,0.21193
Mauritius,MUS,2014,0.22225
Mauritius,MUS,2015,0.24025
Mauritius,MUS,2016,0.25392
Mauritius,MUS,2017,0.26342
Mauritius,MUS,2018,0.2612
Mauritius,MUS,2019,0.2612
Mauritius,MUS,2020,0.18142
Mexico,MEX,1961,0.2
Mexico,MEX,1962,0.19
Mexico,MEX,1963,0.04
Mexico,MEX,1964,0.04
Mexico,MEX,1965,0.06
Mexico,MEX,1966,0.04
Mexico,MEX,1967,0.04
Mexico,MEX,1968,0.04
Mexico,MEX,1969,0.04
Mexico,MEX,1970,0.06
Mexico,MEX,1971,0.04
Mexico,MEX,1972,0.06
Mexico,MEX,1973,0.04
Mexico,MEX,1974,0.04
Mexico,MEX,1975,0.04
Mexico,MEX,1976,0.04
Mexico,MEX,1977,0.04
Mexico,MEX,1978,0.04
Mexico,MEX,1979,0.04
Mexico,MEX,1980,0.06
Mexico,MEX,1981,0.06
Mexico,MEX,1982,0.04
Mexico,MEX,1983,0.04
Mexico,MEX,1984,0.1
Mexico,MEX,1985,0.06
Mexico,MEX,1986,0.06
Mexico,MEX,1987,0.06
Mexico,MEX,1988,0.04
Mexico,MEX,1989,0.04
Mexico,MEX,1990,0.04
Mexico,MEX,1991,0.02
Mexico,MEX,1992,0.05
Mexico,MEX,1993,0.03
Mexico,MEX,1994,0.03
Mexico,MEX,1995,0.03
Mexico,MEX,1996,0.03
Mexico,MEX,1997,0.03
Mexico,MEX,1998,0.03
Mexico,MEX,1999,0.03
Mexico,MEX,2000,0.06217
Mexico,MEX,2001,0.06217
Mexico,MEX,2002,0.06617
Mexico,MEX,2003,0.07002
Mexico,MEX,2004,0.06837
Mexico,MEX,2005,0.06676
Mexico,MEX,2006,0.11038
Mexico,MEX,2007,0.1609
Mexico,MEX,2008,0.20456
Mexico,MEX,2009,0.19838
Mexico,MEX,2010,0.19054
Mexico,MEX,2011,0.19008
Mexico,MEX,2012,0.19327
Mexico,MEX,2013,0.19109
Mexico,MEX,2014,0.19238
Mexico,MEX,2015,0.19237
Mexico,MEX,2016,0.19236
Mexico,MEX,2017,0.18572
Mexico,MEX,2018,0.1835
Mexico,MEX,2019,0.1835
Mexico,MEX,2020,0.14075
Micronesia (country),FSM,1961,0
Micronesia (country),FSM,1962,0
Micronesia (country),FSM,1963,0
Micronesia (country),FSM,1964,0
Micronesia (country),FSM,1965,0
Micronesia (country),FSM,1966,0
Micronesia (country),FSM,1967,0
Micronesia (country),FSM,1968,0
Micronesia (country),FSM,1969,0
Micronesia (country),FSM,1970,0
Micronesia (country),FSM,1971,0
Micronesia (country),FSM,1972,0
Micronesia (country),FSM,1973,0
Micronesia (country),FSM,1974,0
Micronesia (country),FSM,1975,0
Micronesia (country),FSM,1976,0
Micronesia (country),FSM,1977,0
Micronesia (country),FSM,1978,0
Micronesia (country),FSM,1979,0
Micronesia (country),FSM,1980,0
Micronesia (country),FSM,1981,0
Micronesia (country),FSM,1982,0
Micronesia (country),FSM,1983,0
Micronesia (country),FSM,1984,0
Micronesia (country),FSM,1985,0
Micronesia (country),FSM,1986,0
Micronesia (country),FSM,1987,0
Micronesia (country),FSM,1988,0
Micronesia (country),FSM,1989,0
Micronesia (country),FSM,1990,0
Micronesia (country),FSM,1991,0
Micronesia (country),FSM,1992,0
Micronesia (country),FSM,1993,0
Micronesia (country),FSM,1994,0
Micronesia (country),FSM,1995,0
Micronesia (country),FSM,1996,0
Micronesia (country),FSM,1997,0
Micronesia (country),FSM,1998,0
Micronesia (country),FSM,1999,0
Micronesia (country),FSM,2000,0.02241
Micronesia (country),FSM,2001,0.02241
Micronesia (country),FSM,2002,0.0312
Micronesia (country),FSM,2003,0.08991
Micronesia (country),FSM,2004,0.13223
Micronesia (country),FSM,2005,0.14711
Micronesia (country),FSM,2006,0.12909
Micronesia (country),FSM,2007,0.13582
Micronesia (country),FSM,2008,0.11683
Micronesia (country),FSM,2009,0.17191
Micronesia (country),FSM,2010,0.26523
Micronesia (country),FSM,2011,0.70339
Micronesia (country),FSM,2012,0.68959
Micronesia (country),FSM,2013,0.57774
Micronesia (country),FSM,2014,0.17484
Micronesia (country),FSM,2015,0.13242
Micronesia (country),FSM,2016,0.1347
Micronesia (country),FSM,2017,0.1347
Micronesia (country),FSM,2018,0.1347
Micronesia (country),FSM,2019,0.1347
Micronesia (country),FSM,2020,0.12775
Moldova,MDA,1992,7.55
Moldova,MDA,1993,7.34
Moldova,MDA,1994,7.77
Moldova,MDA,1995,5.35
Moldova,MDA,1996,4.8
Moldova,MDA,1997,2.87
Moldova,MDA,1998,1.99
Moldova,MDA,1999,2.41
Moldova,MDA,2000,2.03512
Moldova,MDA,2001,2.03512
Moldova,MDA,2002,2.41739
Moldova,MDA,2003,2.8344
Moldova,MDA,2004,3.35226
Moldova,MDA,2005,2.93665
Moldova,MDA,2006,2.4308
Moldova,MDA,2007,1.83649
Moldova,MDA,2008,1.94014
Moldova,MDA,2009,1.95672
Moldova,MDA,2010,2.08572
Moldova,MDA,2011,2.266
Moldova,MDA,2012,2.31285
Moldova,MDA,2013,2.1108
Moldova,MDA,2014,1.93107
Moldova,MDA,2015,1.96788
Moldova,MDA,2016,2.12245
Moldova,MDA,2017,2.32119
Moldova,MDA,2018,2.3794
Moldova,MDA,2019,2.3794
Moldova,MDA,2020,2.33003
Mongolia,MNG,1961,0
Mongolia,MNG,1962,0
Mongolia,MNG,1963,0
Mongolia,MNG,1964,0
Mongolia,MNG,1965,0
Mongolia,MNG,1966,0
Mongolia,MNG,1967,0
Mongolia,MNG,1968,0
Mongolia,MNG,1969,0
Mongolia,MNG,1970,0
Mongolia,MNG,1971,0
Mongolia,MNG,1972,0
Mongolia,MNG,1973,0
Mongolia,MNG,1974,0
Mongolia,MNG,1975,0
Mongolia,MNG,1976,0
Mongolia,MNG,1977,0
Mongolia,MNG,1978,0
Mongolia,MNG,1979,0
Mongolia,MNG,1980,0
Mongolia,MNG,1981,0
Mongolia,MNG,1982,0
Mongolia,MNG,1983,0
Mongolia,MNG,1984,0
Mongolia,MNG,1985,0
Mongolia,MNG,1986,0
Mongolia,MNG,1987,0
Mongolia,MNG,1988,0
Mongolia,MNG,1989,0
Mongolia,MNG,1990,0
Mongolia,MNG,1991,0
Mongolia,MNG,1992,0
Mongolia,MNG,1993,0
Mongolia,MNG,1994,0
Mongolia,MNG,1995,0
Mongolia,MNG,1996,0.05
Mongolia,MNG,1997,0.08
Mongolia,MNG,1998,0.06
Mongolia,MNG,1999,0.04
Mongolia,MNG,2000,0.6156
Mongolia,MNG,2001,0.6156
Mongolia,MNG,2002,0.65884
Mongolia,MNG,2003,0.65668
Mongolia,MNG,2004,0.60552
Mongolia,MNG,2005,0.62918
Mongolia,MNG,2006,0.68425
Mongolia,MNG,2007,0.82718
Mongolia,MNG,2008,0.94865
Mongolia,MNG,2009,1.09162
Mongolia,MNG,2010,1.27593
Mongolia,MNG,2011,1.44424
Mongolia,MNG,2012,1.51171
Mongolia,MNG,2013,1.46456
Mongolia,MNG,2014,1.33686
Mongolia,MNG,2015,1.30149
Mongolia,MNG,2016,1.29459
Mongolia,MNG,2017,1.42112
Mongolia,MNG,2018,1.46478
Mongolia,MNG,2019,1.46478
Mongolia,MNG,2020,1.30603
Montenegro,MNE,2006,2.868
Montenegro,MNE,2007,1.956
Montenegro,MNE,2008,2.916
Montenegro,MNE,2009,3.216
Montenegro,MNE,2010,3.21
Montenegro,MNE,2011,2.41
Montenegro,MNE,2012,2.41
Montenegro,MNE,2013,2.89
Montenegro,MNE,2014,2.09
Montenegro,MNE,2015,1.98
Montenegro,MNE,2016,2.45
Montenegro,MNE,2017,2.55
Montenegro,MNE,2018,2.67
Montenegro,MNE,2019,2.68
Morocco,MAR,1961,1.3
Morocco,MAR,1962,1.07
Morocco,MAR,1963,0.58
Morocco,MAR,1964,0.39
Morocco,MAR,1965,0.41
Morocco,MAR,1966,0.21
Morocco,MAR,1967,0.48
Morocco,MAR,1968,0.48
Morocco,MAR,1969,0.29
Morocco,MAR,1970,0.29
Morocco,MAR,1971,0.25
Morocco,MAR,1972,0.39
Morocco,MAR,1973,0.35
Morocco,MAR,1974,0.39
Morocco,MAR,1975,0.38
Morocco,MAR,1976,0.38
Morocco,MAR,1977,0.38
Morocco,MAR,1978,0.36
Morocco,MAR,1979,0.25
Morocco,MAR,1980,0.25
Morocco,MAR,1981,0.25
Morocco,MAR,1982,0.25
Morocco,MAR,1983,0.25
Morocco,MAR,1984,0.25
Morocco,MAR,1985,0.25
Morocco,MAR,1986,0.3
Morocco,MAR,1987,0.3
Morocco,MAR,1988,0.3
Morocco,MAR,1989,0.3
Morocco,MAR,1990,0.35
Morocco,MAR,1991,0.35
Morocco,MAR,1992,0.27
Morocco,MAR,1993,0.27
Morocco,MAR,1994,0.2
Morocco,MAR,1995,0.14
Morocco,MAR,1996,0.18
Morocco,MAR,1997,0.24
Morocco,MAR,1998,0.24
Morocco,MAR,1999,0.19
Morocco,MAR,2000,0.18244
Morocco,MAR,2001,0.18244
Morocco,MAR,2002,0.18667
Morocco,MAR,2003,0.18837
Morocco,MAR,2004,0.18678
Morocco,MAR,2005,0.18583
Morocco,MAR,2006,0.18353
Morocco,MAR,2007,0.18222
Morocco,MAR,2008,0.18299
Morocco,MAR,2009,0.18372
Morocco,MAR,2010,0.19154
Morocco,MAR,2011,0.19123
Morocco,MAR,2012,0.19931
Morocco,MAR,2013,0.19997
Morocco,MAR,2014,0.1877
Morocco,MAR,2015,0.17077
Morocco,MAR,2016,0.16248
Morocco,MAR,2017,0.18156
Morocco,MAR,2018,0.21594
Morocco,MAR,2019,0.21594
Morocco,MAR,2020,0.26459
Mozambique,MOZ,1961,1.14
Mozambique,MOZ,1962,0.95
Mozambique,MOZ,1963,1.08
Mozambique,MOZ,1964,1.24
Mozambique,MOZ,1965,1.37
Mozambique,MOZ,1966,1.45
Mozambique,MOZ,1967,1.27
Mozambique,MOZ,1968,1.18
Mozambique,MOZ,1969,0.99
Mozambique,MOZ,1970,0.8
Mozambique,MOZ,1971,0.47
Mozambique,MOZ,1972,0.53
Mozambique,MOZ,1973,0.34
Mozambique,MOZ,1974,0.24
Mozambique,MOZ,1975,0.18
Mozambique,MOZ,1976,0.04
Mozambique,MOZ,1977,0.05
Mozambique,MOZ,1978,0.06
Mozambique,MOZ,1979,0.01
Mozambique,MOZ,1980,0.06
Mozambique,MOZ,1981,0.07
Mozambique,MOZ,1982,0.02
Mozambique,MOZ,1983,0.07
Mozambique,MOZ,1984,0.01
Mozambique,MOZ,1985,0.02
Mozambique,MOZ,1986,0.03
Mozambique,MOZ,1987,0.03
Mozambique,MOZ,1988,0.03
Mozambique,MOZ,1989,0.03
Mozambique,MOZ,1990,0.02
Mozambique,MOZ,1991,0.08
Mozambique,MOZ,1992,0.18
Mozambique,MOZ,1993,0.1
Mozambique,MOZ,1994,0.11
Mozambique,MOZ,1995,0.08
Mozambique,MOZ,1996,0.08
Mozambique,MOZ,1997,0.08
Mozambique,MOZ,1998,0.08
Mozambique,MOZ,1999,0.04
Mozambique,MOZ,2000,0.08664
Mozambique,MOZ,2001,0.08664
Mozambique,MOZ,2002,0.0922
Mozambique,MOZ,2003,0.0887
Mozambique,MOZ,2004,0.06997
Mozambique,MOZ,2005,0.04358
Mozambique,MOZ,2006,0.02529
Mozambique,MOZ,2007,0.01524
Mozambique,MOZ,2008,0.01678
Mozambique,MOZ,2009,0.01958
Mozambique,MOZ,2010,0.03134
Mozambique,MOZ,2011,0.04533
Mozambique,MOZ,2012,0.05944
Mozambique,MOZ,2013,0.06472
Mozambique,MOZ,2014,0.06348
Mozambique,MOZ,2015,0.07364
Mozambique,MOZ,2016,0.10147
Mozambique,MOZ,2017,0.14765
Mozambique,MOZ,2018,0.15429
Mozambique,MOZ,2019,0.15429
Mozambique,MOZ,2020,0.01647
Myanmar,MMR,1961,0
Myanmar,MMR,1962,0
Myanmar,MMR,1963,0
Myanmar,MMR,1964,0
Myanmar,MMR,1965,0
Myanmar,MMR,1966,0
Myanmar,MMR,1967,0
Myanmar,MMR,1968,0
Myanmar,MMR,1969,0
Myanmar,MMR,1970,0
Myanmar,MMR,1971,0
Myanmar,MMR,1972,0
Myanmar,MMR,1973,0
Myanmar,MMR,1974,0
Myanmar,MMR,1975,0
Myanmar,MMR,1976,0
Myanmar,MMR,1977,0
Myanmar,MMR,1978,0
Myanmar,MMR,1979,0
Myanmar,MMR,1980,0
Myanmar,MMR,1981,0
Myanmar,MMR,1982,0
Myanmar,MMR,1983,0
Myanmar,MMR,1984,0
Myanmar,MMR,1985,0
Myanmar,MMR,1986,0
Myanmar,MMR,1987,0
Myanmar,MMR,1988,0
Myanmar,MMR,1989,0
Myanmar,MMR,1990,0
Myanmar,MMR,1991,0
Myanmar,MMR,1992,0
Myanmar,MMR,1993,0
Myanmar,MMR,1994,0
Myanmar,MMR,1995,0
Myanmar,MMR,1996,0
Myanmar,MMR,1997,0
Myanmar,MMR,1998,0
Myanmar,MMR,1999,0
Myanmar,MMR,2000,0.00075
Myanmar,MMR,2001,0.00075
Myanmar,MMR,2002,0.00074
Myanmar,MMR,2003,0.00097
Myanmar,MMR,2004,0.0012
Myanmar,MMR,2005,0.00142
Myanmar,MMR,2006,0.00211
Myanmar,MMR,2007,0.00279
Myanmar,MMR,2008,0.00449
Myanmar,MMR,2009,0.00525
Myanmar,MMR,2010,0.00699
Myanmar,MMR,2011,0.00822
Myanmar,MMR,2012,0.0102
Myanmar,MMR,2013,0.01179
Myanmar,MMR,2014,0.01311
Myanmar,MMR,2015,0.01482
Myanmar,MMR,2016,0.01618
Myanmar,MMR,2017,0.0171
Myanmar,MMR,2018,0.0173
Myanmar,MMR,2019,0.0173
Myanmar,MMR,2020,0.01687
Namibia,NAM,1961,0
Namibia,NAM,1962,0
Namibia,NAM,1963,0
Namibia,NAM,1964,0
Namibia,NAM,1965,0
Namibia,NAM,1966,0
Namibia,NAM,1967,0
Namibia,NAM,1968,0
Namibia,NAM,1969,0
Namibia,NAM,1970,0
Namibia,NAM,1971,0
Namibia,NAM,1972,0
Namibia,NAM,1973,0
Namibia,NAM,1974,0
Namibia,NAM,1975,0
Namibia,NAM,1976,0
Namibia,NAM,1977,0
Namibia,NAM,1978,0
Namibia,NAM,1979,0
Namibia,NAM,1980,0
Namibia,NAM,1981,0
Namibia,NAM,1982,0
Namibia,NAM,1983,0
Namibia,NAM,1984,0
Namibia,NAM,1985,0
Namibia,NAM,1986,0
Namibia,NAM,1987,0
Namibia,NAM,1988,0
Namibia,NAM,1989,0
Namibia,NAM,1990,0
Namibia,NAM,1991,0
Namibia,NAM,1992,0
Namibia,NAM,1993,0
Namibia,NAM,1994,0
Namibia,NAM,1995,0
Namibia,NAM,1996,0
Namibia,NAM,1997,1.12
Namibia,NAM,1998,1.04
Namibia,NAM,1999,0.45
Namibia,NAM,2000,1.20699
Namibia,NAM,2001,1.20699
Namibia,NAM,2002,1.20699
Namibia,NAM,2003,1.20699
Namibia,NAM,2004,1.20699
Namibia,NAM,2005,1.21276
Namibia,NAM,2006,1.22171
Namibia,NAM,2007,1.23611
Namibia,NAM,2008,1.25144
Namibia,NAM,2009,1.2699
Namibia,NAM,2010,1.29584
Namibia,NAM,2011,1.33005
Namibia,NAM,2012,1.40295
Namibia,NAM,2013,1.5209
Namibia,NAM,2014,1.68852
Namibia,NAM,2015,1.86331
Namibia,NAM,2016,2.04328
Namibia,NAM,2017,2.1468
Namibia,NAM,2018,2.10289
Namibia,NAM,2019,2.10289
Namibia,NAM,2020,1.9195
Nauru,NRU,1999,0
Nauru,NRU,2000,0.04928
Nauru,NRU,2001,0.04928
Nauru,NRU,2002,0.08035
Nauru,NRU,2003,0.12411
Nauru,NRU,2004,0.08112
Nauru,NRU,2005,0.0626
Nauru,NRU,2006,0.03762
Nauru,NRU,2007,0.04381
Nauru,NRU,2008,0.04363
Nauru,NRU,2009,0.10481
Nauru,NRU,2010,0.11073
Nauru,NRU,2011,0.17139
Nauru,NRU,2012,0.12168
Nauru,NRU,2013,0.13353
Nauru,NRU,2014,0.09072
Nauru,NRU,2015,0.09072
Nauru,NRU,2016,0.09072
Nauru,NRU,2017,0.09072
Nauru,NRU,2018,0.09072
Nauru,NRU,2019,0.09072
Nauru,NRU,2020,0.0859
Nepal,NPL,1961,0
Nepal,NPL,1962,0
Nepal,NPL,1963,0
Nepal,NPL,1964,0
Nepal,NPL,1965,0
Nepal,NPL,1966,0
Nepal,NPL,1967,0
Nepal,NPL,1968,0
Nepal,NPL,1969,0
Nepal,NPL,1970,0
Nepal,NPL,1971,0
Nepal,NPL,1972,0
Nepal,NPL,1973,0
Nepal,NPL,1974,0
Nepal,NPL,1975,0
Nepal,NPL,1976,0
Nepal,NPL,1977,0
Nepal,NPL,1978,0
Nepal,NPL,1979,0
Nepal,NPL,1980,0
Nepal,NPL,1981,0
Nepal,NPL,1982,0
Nepal,NPL,1983,0
Nepal,NPL,1984,0
Nepal,NPL,1985,0
Nepal,NPL,1986,0
Nepal,NPL,1987,0
Nepal,NPL,1988,0
Nepal,NPL,1989,0
Nepal,NPL,1990,0
Nepal,NPL,1991,0
Nepal,NPL,1992,0
Nepal,NPL,1993,0
Nepal,NPL,1994,0
Nepal,NPL,1995,0
Nepal,NPL,1996,0
Nepal,NPL,1997,0
Nepal,NPL,1998,0
Nepal,NPL,1999,0
Nepal,NPL,2000,0.00166
Nepal,NPL,2001,0.00166
Nepal,NPL,2002,0.00243
Nepal,NPL,2003,0.00266
Nepal,NPL,2004,0.00314
Nepal,NPL,2005,0.00306
Nepal,NPL,2006,0.0035
Nepal,NPL,2007,0.00343
Nepal,NPL,2008,0.0036
Nepal,NPL,2009,0.00377
Nepal,NPL,2010,0.00465
Nepal,NPL,2011,0.00507
Nepal,NPL,2012,0.00549
Nepal,NPL,2013,0.00545
Nepal,NPL,2014,0.00517
Nepal,NPL,2015,0.00487
Nepal,NPL,2016,0.00455
Nepal,NPL,2017,0.00463
Nepal,NPL,2018,0.0047
Nepal,NPL,2019,0.0047
Nepal,NPL,2020,0.00405
Netherlands,NLD,1961,0.4
Netherlands,NLD,1962,0.42
Netherlands,NLD,1963,0.4
Netherlands,NLD,1964,0.45
Netherlands,NLD,1965,0.52
Netherlands,NLD,1966,0.53
Netherlands,NLD,1967,0.64
Netherlands,NLD,1968,0.65
Netherlands,NLD,1969,0.74
Netherlands,NLD,1970,0.79
Netherlands,NLD,1971,0.93
Netherlands,NLD,1972,1.17
Netherlands,NLD,1973,1.33
Netherlands,NLD,1974,1.54
Netherlands,NLD,1975,1.52
Netherlands,NLD,1976,1.67
Netherlands,NLD,1977,1.7
Netherlands,NLD,1978,1.76
Netherlands,NLD,1979,1.71
Netherlands,NLD,1980,2.28
Netherlands,NLD,1981,2.31
Netherlands,NLD,1982,2.58
Netherlands,NLD,1983,2.39
Netherlands,NLD,1984,2.6
Netherlands,NLD,1985,2.54
Netherlands,NLD,1986,2.59
Netherlands,NLD,1987,2.48
Netherlands,NLD,1988,2.49
Netherlands,NLD,1989,2.45
Netherlands,NLD,1990,2.29
Netherlands,NLD,1991,2.45
Netherlands,NLD,1992,2.63
Netherlands,NLD,1993,2.45
Netherlands,NLD,1994,2.53
Netherlands,NLD,1995,2.63
Netherlands,NLD,1996,2.6
Netherlands,NLD,1997,2.78
Netherlands,NLD,1998,2.85
Netherlands,NLD,1999,2.92
Netherlands,NLD,2000,2.78318
Netherlands,NLD,2001,2.78318
Netherlands,NLD,2002,2.77857
Netherlands,NLD,2003,2.85989
Netherlands,NLD,2004,2.97302
Netherlands,NLD,2005,3.10566
Netherlands,NLD,2006,3.15081
Netherlands,NLD,2007,3.15754
Netherlands,NLD,2008,3.15899
Netherlands,NLD,2009,3.16445
Netherlands,NLD,2010,3.17098
Netherlands,NLD,2011,3.17373
Netherlands,NLD,2012,3.07177
Netherlands,NLD,2013,2.99694
Netherlands,NLD,2014,2.92145
Netherlands,NLD,2015,2.92584
Netherlands,NLD,2016,2.90626
Netherlands,NLD,2017,2.9106
Netherlands,NLD,2018,2.92314
Netherlands,NLD,2019,2.92314
Netherlands,NLD,2020,2.90492
New Zealand,NZL,1961,0.38
New Zealand,NZL,1962,0.38
New Zealand,NZL,1963,0.41
New Zealand,NZL,1964,0.47
New Zealand,NZL,1965,0.5
New Zealand,NZL,1966,0.57
New Zealand,NZL,1967,0.64
New Zealand,NZL,1968,0.73
New Zealand,NZL,1969,0.87
New Zealand,NZL,1970,0.99
New Zealand,NZL,1971,1.19
New Zealand,NZL,1972,1.32
New Zealand,NZL,1973,1.51
New Zealand,NZL,1974,1.58
New Zealand,NZL,1975,1.49
New Zealand,NZL,1976,1.68
New Zealand,NZL,1977,1.61
New Zealand,NZL,1978,1.96
New Zealand,NZL,1979,1.89
New Zealand,NZL,1980,2.22
New Zealand,NZL,1981,2.36
New Zealand,NZL,1982,1.91
New Zealand,NZL,1983,1.86
New Zealand,NZL,1984,2.04
New Zealand,NZL,1985,2.1
New Zealand,NZL,1986,2.43
New Zealand,NZL,1987,2.2
New Zealand,NZL,1988,2.12
New Zealand,NZL,1989,2.06
New Zealand,NZL,1990,2.11
New Zealand,NZL,1991,2.41
New Zealand,NZL,1992,2.25
New Zealand,NZL,1993,2.35
New Zealand,NZL,1994,2.33
New Zealand,NZL,1995,2.37
New Zealand,NZL,1996,2.31
New Zealand,NZL,1997,2.44
New Zealand,NZL,1998,2.42
New Zealand,NZL,1999,2.62
New Zealand,NZL,2000,2.6047
New Zealand,NZL,2001,2.6047
New Zealand,NZL,2002,2.65791
New Zealand,NZL,2003,2.77265
New Zealand,NZL,2004,2.85892
New Zealand,NZL,2005,2.98228
New Zealand,NZL,2006,3.03222
New Zealand,NZL,2007,3.04673
New Zealand,NZL,2008,3.02525
New Zealand,NZL,2009,3.10006
New Zealand,NZL,2010,3.0899
New Zealand,NZL,2011,3.0793
New Zealand,NZL,2012,3.00595
New Zealand,NZL,2013,3.04806
New Zealand,NZL,2014,3.01598
New Zealand,NZL,2015,3.01759
New Zealand,NZL,2016,2.98025
New Zealand,NZL,2017,2.99082
New Zealand,NZL,2018,2.94707
New Zealand,NZL,2019,2.94707
New Zealand,NZL,2020,2.98283
Nicaragua,NIC,1961,0
Nicaragua,NIC,1962,0.01
Nicaragua,NIC,1963,0.02
Nicaragua,NIC,1964,0.03
Nicaragua,NIC,1965,0.04
Nicaragua,NIC,1966,0.06
Nicaragua,NIC,1967,0.01
Nicaragua,NIC,1968,0.04
Nicaragua,NIC,1969,0.02
Nicaragua,NIC,1970,0.02
Nicaragua,NIC,1971,0.03
Nicaragua,NIC,1972,0.02
Nicaragua,NIC,1973,0.04
Nicaragua,NIC,1974,0.04
Nicaragua,NIC,1975,0.03
Nicaragua,NIC,1976,0.05
Nicaragua,NIC,1977,0.05
Nicaragua,NIC,1978,0.03
Nicaragua,NIC,1979,0.01
Nicaragua,NIC,1980,0.02
Nicaragua,NIC,1981,0.02
Nicaragua,NIC,1982,0.01
Nicaragua,NIC,1983,0.01
Nicaragua,NIC,1984,0.01
Nicaragua,NIC,1985,0.01
Nicaragua,NIC,1986,0
Nicaragua,NIC,1987,0
Nicaragua,NIC,1988,0
Nicaragua,NIC,1989,0.01
Nicaragua,NIC,1990,0
Nicaragua,NIC,1991,0.01
Nicaragua,NIC,1992,0.02
Nicaragua,NIC,1993,0.01
Nicaragua,NIC,1994,0.01
Nicaragua,NIC,1995,0.01
Nicaragua,NIC,1996,0.01
Nicaragua,NIC,1997,0.06
Nicaragua,NIC,1998,0.03
Nicaragua,NIC,1999,0.03
Nicaragua,NIC,2000,0.02281
Nicaragua,NIC,2001,0.02281
Nicaragua,NIC,2002,0.02474
Nicaragua,NIC,2003,0.02546
Nicaragua,NIC,2004,0.02362
Nicaragua,NIC,2005,0.02416
Nicaragua,NIC,2006,0.02698
Nicaragua,NIC,2007,0.02751
Nicaragua,NIC,2008,0.02691
Nicaragua,NIC,2009,0.02629
Nicaragua,NIC,2010,0.02676
Nicaragua,NIC,2011,0.02824
Nicaragua,NIC,2012,0.03061
Nicaragua,NIC,2013,0.03296
Nicaragua,NIC,2014,0.03523
Nicaragua,NIC,2015,0.03736
Nicaragua,NIC,2016,0.03676
Nicaragua,NIC,2017,0.03435
Nicaragua,NIC,2018,0.03016
Nicaragua,NIC,2019,0.03016
Nicaragua,NIC,2020,0.02826
Niger,NER,1961,0.08
Niger,NER,1962,0.12
Niger,NER,1963,0.1
Niger,NER,1964,0.07
Niger,NER,1965,0.07
Niger,NER,1966,0.06
Niger,NER,1967,0.07
Niger,NER,1968,0.06
Niger,NER,1969,0.06
Niger,NER,1970,0.04
Niger,NER,1971,0.04
Niger,NER,1972,0.04
Niger,NER,1973,0.04
Niger,NER,1974,0.03
Niger,NER,1975,0.03
Niger,NER,1976,0.02
Niger,NER,1977,0.03
Niger,NER,1978,0.06
Niger,NER,1979,0.04
Niger,NER,1980,0.04
Niger,NER,1981,0.04
Niger,NER,1982,0.06
Niger,NER,1983,0.04
Niger,NER,1984,0.07
Niger,NER,1985,0.03
Niger,NER,1986,0.02
Niger,NER,1987,0.02
Niger,NER,1988,0.02
Niger,NER,1989,0.02
Niger,NER,1990,0.01
Niger,NER,1991,0.01
Niger,NER,1992,0.01
Niger,NER,1993,0.01
Niger,NER,1994,0
Niger,NER,1995,0.01
Niger,NER,1996,0.01
Niger,NER,1997,0.01
Niger,NER,1998,0.01
Niger,NER,1999,0.01
Niger,NER,2000,0.01445
Niger,NER,2001,0.01445
Niger,NER,2002,0.01487
Niger,NER,2003,0.01059
Niger,NER,2004,0.00893
Niger,NER,2005,0.00982
Niger,NER,2006,0.01008
Niger,NER,2007,0.00975
Niger,NER,2008,0.00841
Niger,NER,2009,0.00905
Niger,NER,2010,0.01013
Niger,NER,2011,0.01218
Niger,NER,2012,0.01176
Niger,NER,2013,0.01047
Niger,NER,2014,0.00881
Niger,NER,2015,0.00842
Niger,NER,2016,0.00846
Niger,NER,2017,0.00784
Niger,NER,2018,0.00714
Niger,NER,2019,0.00714
Niger,NER,2020,0.00985
Nigeria,NGA,1961,0
Nigeria,NGA,1962,0
Nigeria,NGA,1963,0.01
Nigeria,NGA,1964,0
Nigeria,NGA,1965,0
Nigeria,NGA,1966,0
Nigeria,NGA,1967,0
Nigeria,NGA,1968,0
Nigeria,NGA,1969,0
Nigeria,NGA,1970,0.01
Nigeria,NGA,1971,0.01
Nigeria,NGA,1972,0
Nigeria,NGA,1973,0.01
Nigeria,NGA,1974,0.01
Nigeria,NGA,1975,0.02
Nigeria,NGA,1976,0.03
Nigeria,NGA,1977,0.03
Nigeria,NGA,1978,0.03
Nigeria,NGA,1979,0
Nigeria,NGA,1980,0.01
Nigeria,NGA,1981,0.01
Nigeria,NGA,1982,0.02
Nigeria,NGA,1983,0
Nigeria,NGA,1984,0
Nigeria,NGA,1985,0
Nigeria,NGA,1986,0
Nigeria,NGA,1987,0.01
Nigeria,NGA,1988,0
Nigeria,NGA,1989,0
Nigeria,NGA,1990,0.01
Nigeria,NGA,1991,0.01
Nigeria,NGA,1992,0.01
Nigeria,NGA,1993,0.01
Nigeria,NGA,1994,0
Nigeria,NGA,1995,0
Nigeria,NGA,1996,0
Nigeria,NGA,1997,0
Nigeria,NGA,1998,0
Nigeria,NGA,1999,0
Nigeria,NGA,2000,0.00266
Nigeria,NGA,2001,0.00266
Nigeria,NGA,2002,0.00453
Nigeria,NGA,2003,0.00389
Nigeria,NGA,2004,0.00546
Nigeria,NGA,2005,0.00631
Nigeria,NGA,2006,0.00775
Nigeria,NGA,2007,0.01827
Nigeria,NGA,2008,0.02134
Nigeria,NGA,2009,0.02788
Nigeria,NGA,2010,0.02631
Nigeria,NGA,2011,0.03435
Nigeria,NGA,2012,0.0404
Nigeria,NGA,2013,0.04475
Nigeria,NGA,2014,0.04389
Nigeria,NGA,2015,0.0372
Nigeria,NGA,2016,0.02935
Nigeria,NGA,2017,0.02456
Nigeria,NGA,2018,0.02492
Nigeria,NGA,2019,0.02492
Nigeria,NGA,2020,0.02874
Niue,NIU,1990,0
Niue,NIU,1991,0
Niue,NIU,1992,0
Niue,NIU,1993,0
Niue,NIU,1994,0
Niue,NIU,1995,0
Niue,NIU,1996,0
Niue,NIU,1997,0
Niue,NIU,1998,0
Niue,NIU,1999,0
Niue,NIU,2000,0.41717
Niue,NIU,2001,0.41717
Niue,NIU,2002,0.38193
Niue,NIU,2003,0.74782
Niue,NIU,2004,0.48065
Niue,NIU,2005,0.5262
Niue,NIU,2006,0.1727
Niue,NIU,2007,1.09508
Niue,NIU,2008,1.1907
Niue,NIU,2009,1.46262
Niue,NIU,2010,1.14552
Niue,NIU,2011,1.48484
Niue,NIU,2012,1.60488
Niue,NIU,2013,1.37232
Niue,NIU,2014,1.39668
Niue,NIU,2015,1.59579
Niue,NIU,2016,1.82526
Niue,NIU,2017,1.92328
Niue,NIU,2018,1.88742
Niue,NIU,2019,1.88742
Niue,NIU,2020,1.80086
North Korea,PRK,1961,0
North Korea,PRK,1962,0
North Korea,PRK,1963,0
North Korea,PRK,1964,0
North Korea,PRK,1965,0
North Korea,PRK,1966,0
North Korea,PRK,1967,0
North Korea,PRK,1968,0
North Korea,PRK,1969,0
North Korea,PRK,1970,0
North Korea,PRK,1971,0
North Korea,PRK,1972,0
North Korea,PRK,1973,0
North Korea,PRK,1974,0
North Korea,PRK,1975,0
North Korea,PRK,1976,0
North Korea,PRK,1977,0
North Korea,PRK,1978,0
North Korea,PRK,1979,0
North Korea,PRK,1980,0
North Korea,PRK,1981,0
North Korea,PRK,1982,0
North Korea,PRK,1983,0
North Korea,PRK,1984,0
North Korea,PRK,1985,0
North Korea,PRK,1986,0
North Korea,PRK,1987,0
North Korea,PRK,1988,0
North Korea,PRK,1989,0
North Korea,PRK,1990,0
North Korea,PRK,1991,0
North Korea,PRK,1992,0
North Korea,PRK,1993,0
North Korea,PRK,1994,0
North Korea,PRK,1995,0
North Korea,PRK,1996,0
North Korea,PRK,1997,0
North Korea,PRK,1998,0
North Korea,PRK,1999,0
North Korea,PRK,2000,0.00079
North Korea,PRK,2001,0.00079
North Korea,PRK,2002,0.00079
North Korea,PRK,2003,0.00079
North Korea,PRK,2004,0.00079
North Korea,PRK,2005,0.00079
North Korea,PRK,2006,0.00079
North Korea,PRK,2007,0.00079
North Korea,PRK,2008,0.00079
North Korea,PRK,2009,0.00079
North Korea,PRK,2010,0.00079
North Korea,PRK,2011,0.00079
North Korea,PRK,2012,0.00079
North Korea,PRK,2013,0.00079
North Korea,PRK,2014,0.0007
North Korea,PRK,2015,0.00074
North Korea,PRK,2016,0.00081
North Korea,PRK,2017,0.00109
North Korea,PRK,2018,0.0016
North Korea,PRK,2019,0.0016
North Korea,PRK,2020,0.00206
North Macedonia,MKD,1992,2.01
North Macedonia,MKD,1993,1.73
North Macedonia,MKD,1994,1.81
North Macedonia,MKD,1995,1.17
North Macedonia,MKD,1996,1.12
North Macedonia,MKD,1997,1.08
North Macedonia,MKD,1998,1.07
North Macedonia,MKD,1999,0.96
North Macedonia,MKD,2000,0.94956
North Macedonia,MKD,2001,0.94956
North Macedonia,MKD,2002,1.24651
North Macedonia,MKD,2003,1.44035
North Macedonia,MKD,2004,1.52834
North Macedonia,MKD,2005,1.26715
North Macedonia,MKD,2006,1.06449
North Macedonia,MKD,2007,0.93507
North Macedonia,MKD,2008,0.99994
North Macedonia,MKD,2009,1.06501
North Macedonia,MKD,2010,1.05882
North Macedonia,MKD,2011,1.0536
North Macedonia,MKD,2012,1.04933
North Macedonia,MKD,2013,1.04617
North Macedonia,MKD,2014,1.04352
North Macedonia,MKD,2015,1.04133
North Macedonia,MKD,2016,1.03928
North Macedonia,MKD,2017,1.03734
North Macedonia,MKD,2018,1.03529
North Macedonia,MKD,2019,1.03529
North Macedonia,MKD,2020,1.03236
Norway,NOR,1961,0.21
Norway,NOR,1962,0.21
Norway,NOR,1963,0.21
Norway,NOR,1964,0.21
Norway,NOR,1965,0.22
Norway,NOR,1966,0.25
Norway,NOR,1967,0.28
Norway,NOR,1968,0.29
Norway,NOR,1969,0.32
Norway,NOR,1970,0.33
Norway,NOR,1971,0.38
Norway,NOR,1972,0.39
Norway,NOR,1973,0.44
Norway,NOR,1974,0.46
Norway,NOR,1975,0.48
Norway,NOR,1976,0.47
Norway,NOR,1977,0.49
Norway,NOR,1978,0.41
Norway,NOR,1979,0.53
Norway,NOR,1980,0.75
Norway,NOR,1981,0.69
Norway,NOR,1982,0.57
Norway,NOR,1983,0.65
Norway,NOR,1984,0.71
Norway,NOR,1985,0.82
Norway,NOR,1986,0.83
Norway,NOR,1987,0.93
Norway,NOR,1988,0.97
Norway,NOR,1989,0.97
Norway,NOR,1990,0.95
Norway,NOR,1991,0.93
Norway,NOR,1992,0.91
Norway,NOR,1993,0.92
Norway,NOR,1994,0.99
Norway,NOR,1995,1.04
Norway,NOR,1996,1.12
Norway,NOR,1997,1.28
Norway,NOR,1998,1.23
Norway,NOR,1999,1.49
Norway,NOR,2000,1.67667
Norway,NOR,2001,1.67667
Norway,NOR,2002,1.75
Norway,NOR,2003,1.85
Norway,NOR,2004,1.91333
Norway,NOR,2005,1.98333
Norway,NOR,2006,2.05333
Norway,NOR,2007,2.13
Norway,NOR,2008,2.20667
Norway,NOR,2009,2.26667
Norway,NOR,2010,2.29
Norway,NOR,2011,2.29333
Norway,NOR,2012,2.29667
Norway,NOR,2013,2.28
Norway,NOR,2014,2.25667
Norway,NOR,2015,2.22667
Norway,NOR,2016,2.20667
Norway,NOR,2017,2.2
Norway,NOR,2018,2.20667
Norway,NOR,2019,2.20667
Norway,NOR,2020,2.94
Oman,OMN,1961,0
Oman,OMN,1962,0
Oman,OMN,1963,0
Oman,OMN,1964,0
Oman,OMN,1965,0
Oman,OMN,1966,0
Oman,OMN,1967,0
Oman,OMN,1968,0
Oman,OMN,1969,0
Oman,OMN,1970,0
Oman,OMN,1971,0
Oman,OMN,1972,0
Oman,OMN,1973,0
Oman,OMN,1974,0
Oman,OMN,1975,0
Oman,OMN,1976,0
Oman,OMN,1977,0
Oman,OMN,1978,0
Oman,OMN,1979,0
Oman,OMN,1980,0
Oman,OMN,1981,0
Oman,OMN,1982,0
Oman,OMN,1983,0
Oman,OMN,1984,0
Oman,OMN,1985,0
Oman,OMN,1986,0
Oman,OMN,1987,0.08
Oman,OMN,1988,0.02
Oman,OMN,1989,0.02
Oman,OMN,1990,0
Oman,OMN,1991,0
Oman,OMN,1992,0
Oman,OMN,1993,0
Oman,OMN,1994,0
Oman,OMN,1995,0
Oman,OMN,1996,0
Oman,OMN,1997,0
Oman,OMN,1998,0
Oman,OMN,1999,0
Oman,OMN,2000,0.01127
Oman,OMN,2001,0.01127
Oman,OMN,2002,0.01055
Oman,OMN,2003,0.00918
Oman,OMN,2004,0.00902
Oman,OMN,2005,0.01
Oman,OMN,2006,0.01154
Oman,OMN,2007,0.01298
Oman,OMN,2008,0.01494
Oman,OMN,2009,0.0196
Oman,OMN,2010,0.02252
Oman,OMN,2011,0.02531
Oman,OMN,2012,0.02154
Oman,OMN,2013,0.01776
Oman,OMN,2014,0.01295
Oman,OMN,2015,0.01149
Oman,OMN,2016,0.01284
Oman,OMN,2017,0.01432
Oman,OMN,2018,0.01639
Oman,OMN,2019,0.01639
Oman,OMN,2020,0.00822
Pakistan,PAK,1961,0
Pakistan,PAK,1962,0
Pakistan,PAK,1963,0
Pakistan,PAK,1964,0
Pakistan,PAK,1965,0
Pakistan,PAK,1966,0
Pakistan,PAK,1967,0
Pakistan,PAK,1968,0
Pakistan,PAK,1969,0
Pakistan,PAK,1970,0
Pakistan,PAK,1971,0
Pakistan,PAK,1972,0
Pakistan,PAK,1973,0
Pakistan,PAK,1974,0
Pakistan,PAK,1975,0
Pakistan,PAK,1976,0
Pakistan,PAK,1977,0
Pakistan,PAK,1978,0
Pakistan,PAK,1979,0
Pakistan,PAK,1980,0
Pakistan,PAK,1981,0
Pakistan,PAK,1982,0
Pakistan,PAK,1983,0
Pakistan,PAK,1984,0
Pakistan,PAK,1985,0
Pakistan,PAK,1986,0
Pakistan,PAK,1987,0
Pakistan,PAK,1988,0
Pakistan,PAK,1989,0
Pakistan,PAK,1990,0
Pakistan,PAK,1991,0
Pakistan,PAK,1992,0
Pakistan,PAK,1993,0
Pakistan,PAK,1994,0
Pakistan,PAK,1995,0
Pakistan,PAK,1996,0
Pakistan,PAK,1997,0
Pakistan,PAK,1998,0
Pakistan,PAK,1999,0
Pakistan,PAK,2000,0
Pakistan,PAK,2001,0
Pakistan,PAK,2002,0
Pakistan,PAK,2003,0
Pakistan,PAK,2004,0
Pakistan,PAK,2005,0
Pakistan,PAK,2006,0.00004
Pakistan,PAK,2007,0.00008
Pakistan,PAK,2008,0.00011
Pakistan,PAK,2009,0.00011
Pakistan,PAK,2010,0.00011
Pakistan,PAK,2011,0.0001
Pakistan,PAK,2012,0.00007
Pakistan,PAK,2013,0.00003
Pakistan,PAK,2014,0
Pakistan,PAK,2015,0
Pakistan,PAK,2016,0
Pakistan,PAK,2017,0
Pakistan,PAK,2018,0
Pakistan,PAK,2019,0
Pakistan,PAK,2020,0
Panama,PAN,1961,0.08
Panama,PAN,1962,0.08
Panama,PAN,1963,0.07
Panama,PAN,1964,0.07
Panama,PAN,1965,0.07
Panama,PAN,1966,0.08
Panama,PAN,1967,0.07
Panama,PAN,1968,0.07
Panama,PAN,1969,0.08
Panama,PAN,1970,0.09
Panama,PAN,1971,0.1
Panama,PAN,1972,0.09
Panama,PAN,1973,0.11
Panama,PAN,1974,0.11
Panama,PAN,1975,0.1
Panama,PAN,1976,0.1
Panama,PAN,1977,0.13
Panama,PAN,1978,0.14
Panama,PAN,1979,0.12
Panama,PAN,1980,0.12
Panama,PAN,1981,0.15
Panama,PAN,1982,0.15
Panama,PAN,1983,0.15
Panama,PAN,1984,0.17
Panama,PAN,1985,0.14
Panama,PAN,1986,0.13
Panama,PAN,1987,0.11
Panama,PAN,1988,0.06
Panama,PAN,1989,0.07
Panama,PAN,1990,0.08
Panama,PAN,1991,0.07
Panama,PAN,1992,0.07
Panama,PAN,1993,0.08
Panama,PAN,1994,0.08
Panama,PAN,1995,0.08
Panama,PAN,1996,0.1
Panama,PAN,1997,0.11
Panama,PAN,1998,0.09
Panama,PAN,1999,0.13
Panama,PAN,2000,0.09863
Panama,PAN,2001,0.09863
Panama,PAN,2002,0.09972
Panama,PAN,2003,0.1331
Panama,PAN,2004,0.13776
Panama,PAN,2005,0.142
Panama,PAN,2006,0.13139
Panama,PAN,2007,0.15
Panama,PAN,2008,0.1632
Panama,PAN,2009,0.16778
Panama,PAN,2010,0.17038
Panama,PAN,2011,0.18188
Panama,PAN,2012,0.18871
Panama,PAN,2013,0.1937
Panama,PAN,2014,0.17708
Panama,PAN,2015,0.1651
Panama,PAN,2016,0.15186
Panama,PAN,2017,0.10683
Panama,PAN,2018,0.06391
Panama,PAN,2019,0.06391
Panama,PAN,2020,0.00378
Papua New Guinea,PNG,1961,0.01
Papua New Guinea,PNG,1962,0.02
Papua New Guinea,PNG,1963,0.02
Papua New Guinea,PNG,1964,0.02
Papua New Guinea,PNG,1965,0.03
Papua New Guinea,PNG,1966,0.03
Papua New Guinea,PNG,1967,0.04
Papua New Guinea,PNG,1968,0.06
Papua New Guinea,PNG,1969,0.07
Papua New Guinea,PNG,1970,0.08
Papua New Guinea,PNG,1971,0.1
Papua New Guinea,PNG,1972,0.11
Papua New Guinea,PNG,1973,0.1
Papua New Guinea,PNG,1974,0.06
Papua New Guinea,PNG,1975,0.07
Papua New Guinea,PNG,1976,0.05
Papua New Guinea,PNG,1977,0.05
Papua New Guinea,PNG,1978,0.05
Papua New Guinea,PNG,1979,0.05
Papua New Guinea,PNG,1980,0.05
Papua New Guinea,PNG,1981,0.05
Papua New Guinea,PNG,1982,0.05
Papua New Guinea,PNG,1983,0.05
Papua New Guinea,PNG,1984,0.05
Papua New Guinea,PNG,1985,0.04
Papua New Guinea,PNG,1986,0.04
Papua New Guinea,PNG,1987,0.04
Papua New Guinea,PNG,1988,0.04
Papua New Guinea,PNG,1989,0.04
Papua New Guinea,PNG,1990,0.09
Papua New Guinea,PNG,1991,0.08
Papua New Guinea,PNG,1992,0.09
Papua New Guinea,PNG,1993,0.1
Papua New Guinea,PNG,1994,0.07
Papua New Guinea,PNG,1995,0.06
Papua New Guinea,PNG,1996,0.04
Papua New Guinea,PNG,1997,0.03
Papua New Guinea,PNG,1998,0.05
Papua New Guinea,PNG,1999,0.04
Papua New Guinea,PNG,2000,0.0268
Papua New Guinea,PNG,2001,0.0268
Papua New Guinea,PNG,2002,0.01976
Papua New Guinea,PNG,2003,0.00851
Papua New Guinea,PNG,2004,0.01032
Papua New Guinea,PNG,2005,0.01207
Papua New Guinea,PNG,2006,0.01288
Papua New Guinea,PNG,2007,0.0125
Papua New Guinea,PNG,2008,0.01212
Papua New Guinea,PNG,2009,0.01367
Papua New Guinea,PNG,2010,0.01331
Papua New Guinea,PNG,2011,0.01466
Papua New Guinea,PNG,2012,0.01597
Papua New Guinea,PNG,2013,0.01806
Papua New Guinea,PNG,2014,0.03011
Papua New Guinea,PNG,2015,0.04719
Papua New Guinea,PNG,2016,0.05637
Papua New Guinea,PNG,2017,0.05797
Papua New Guinea,PNG,2018,0.05633
Papua New Guinea,PNG,2019,0.05633
Papua New Guinea,PNG,2020,0.05584
Paraguay,PRY,1961,0.54
Paraguay,PRY,1962,0.76
Paraguay,PRY,1963,0
Paraguay,PRY,1964,0
Paraguay,PRY,1965,0.36
Paraguay,PRY,1966,0.42
Paraguay,PRY,1967,0.41
Paraguay,PRY,1968,0.48
Paraguay,PRY,1969,0.64
Paraguay,PRY,1970,0.4
Paraguay,PRY,1971,0.4
Paraguay,PRY,1972,0.4
Paraguay,PRY,1973,0.38
Paraguay,PRY,1974,0.37
Paraguay,PRY,1975,0.37
Paraguay,PRY,1976,0.37
Paraguay,PRY,1977,0.37
Paraguay,PRY,1978,0.37
Paraguay,PRY,1979,0.36
Paraguay,PRY,1980,0.36
Paraguay,PRY,1981,0.36
Paraguay,PRY,1982,0.36
Paraguay,PRY,1983,0.36
Paraguay,PRY,1984,0.36
Paraguay,PRY,1985,0.36
Paraguay,PRY,1986,0.36
Paraguay,PRY,1987,0.36
Paraguay,PRY,1988,0.35
Paraguay,PRY,1989,0.35
Paraguay,PRY,1990,0.59
Paraguay,PRY,1991,0.72
Paraguay,PRY,1992,0.72
Paraguay,PRY,1993,0.61
Paraguay,PRY,1994,0.8
Paraguay,PRY,1995,0.76
Paraguay,PRY,1996,0.7
Paraguay,PRY,1997,0.68
Paraguay,PRY,1998,0.47
Paraguay,PRY,1999,0.67
Paraguay,PRY,2000,0.66356
Paraguay,PRY,2001,0.66356
Paraguay,PRY,2002,0.5262
Paraguay,PRY,2003,0.59586
Paraguay,PRY,2004,0.76118
Paraguay,PRY,2005,0.98212
Paraguay,PRY,2006,1.12958
Paraguay,PRY,2007,1.3791
Paraguay,PRY,2008,1.39195
Paraguay,PRY,2009,1.34616
Paraguay,PRY,2010,1.10446
Paraguay,PRY,2011,0.96226
Paraguay,PRY,2012,0.79461
Paraguay,PRY,2013,0.63174
Paraguay,PRY,2014,0.50484
Paraguay,PRY,2015,0.46651
Paraguay,PRY,2016,0.51344
Paraguay,PRY,2017,0.57719
Paraguay,PRY,2018,0.60478
Paraguay,PRY,2019,0.60478
Paraguay,PRY,2020,0.59388
Peru,PER,1961,0.2
Peru,PER,1962,0.24
Peru,PER,1963,0.16
Peru,PER,1964,0.17
Peru,PER,1965,0.22
Peru,PER,1966,0.23
Peru,PER,1967,0.29
Peru,PER,1968,0.24
Peru,PER,1969,0.21
Peru,PER,1970,0.23
Peru,PER,1971,0.23
Peru,PER,1972,0.22
Peru,PER,1973,0.2
Peru,PER,1974,0.2
Peru,PER,1975,0.2
Peru,PER,1976,0.19
Peru,PER,1977,0.19
Peru,PER,1978,0.19
Peru,PER,1979,0.19
Peru,PER,1980,0.19
Peru,PER,1981,0.21
Peru,PER,1982,0.11
Peru,PER,1983,0.11
Peru,PER,1984,0.11
Peru,PER,1985,0.11
Peru,PER,1986,0.11
Peru,PER,1987,0.11
Peru,PER,1988,0.11
Peru,PER,1989,0.11
Peru,PER,1990,0.09
Peru,PER,1991,0.11
Peru,PER,1992,0.08
Peru,PER,1993,0.09
Peru,PER,1994,0.1
Peru,PER,1995,0.13
Peru,PER,1996,0.13
Peru,PER,1997,0.13
Peru,PER,1998,0.13
Peru,PER,1999,0.13
Peru,PER,2000,0.27553
Peru,PER,2001,0.27553
Peru,PER,2002,0.31416
Peru,PER,2003,0.33374
Peru,PER,2004,0.36621
Peru,PER,2005,0.39257
Peru,PER,2006,0.4165
Peru,PER,2007,0.42559
Peru,PER,2008,0.40343
Peru,PER,2009,0.38094
Peru,PER,2010,0.36308
Peru,PER,2011,0.38566
Peru,PER,2012,0.41227
Peru,PER,2013,0.4317
Peru,PER,2014,0.44245
Peru,PER,2015,0.44648
Peru,PER,2016,0.44488
Peru,PER,2017,0.4446
Peru,PER,2018,0.44854
Peru,PER,2019,0.44854
Peru,PER,2020,0.44462
Philippines,PHL,1961,0
Philippines,PHL,1962,0
Philippines,PHL,1963,0
Philippines,PHL,1964,0
Philippines,PHL,1965,0
Philippines,PHL,1966,0
Philippines,PHL,1967,0
Philippines,PHL,1968,0
Philippines,PHL,1969,0
Philippines,PHL,1970,0
Philippines,PHL,1971,0
Philippines,PHL,1972,0
Philippines,PHL,1973,0
Philippines,PHL,1974,0
Philippines,PHL,1975,0
Philippines,PHL,1976,0
Philippines,PHL,1977,0
Philippines,PHL,1978,0
Philippines,PHL,1979,0
Philippines,PHL,1980,0
Philippines,PHL,1981,0
Philippines,PHL,1982,0
Philippines,PHL,1983,0
Philippines,PHL,1984,0
Philippines,PHL,1985,0
Philippines,PHL,1986,0
Philippines,PHL,1987,0.01
Philippines,PHL,1988,0
Philippines,PHL,1989,0
Philippines,PHL,1990,0
Philippines,PHL,1991,0
Philippines,PHL,1992,0
Philippines,PHL,1993,0
Philippines,PHL,1994,0
Philippines,PHL,1995,0
Philippines,PHL,1996,0.01
Philippines,PHL,1997,0.01
Philippines,PHL,1998,0.01
Philippines,PHL,1999,0.01
Philippines,PHL,2000,0.0139
Philippines,PHL,2001,0.0139
Philippines,PHL,2002,0.01357
Philippines,PHL,2003,0.01305
Philippines,PHL,2004,0.01349
Philippines,PHL,2005,0.01433
Philippines,PHL,2006,0.0149
Philippines,PHL,2007,0.01693
Philippines,PHL,2008,0.01834
Philippines,PHL,2009,0.02065
Philippines,PHL,2010,0.02116
Philippines,PHL,2011,0.02139
Philippines,PHL,2012,0.02025
Philippines,PHL,2013,0.02151
Philippines,PHL,2014,0.02474
Philippines,PHL,2015,0.02962
Philippines,PHL,2016,0.0326
Philippines,PHL,2017,0.03396
Philippines,PHL,2018,0.03407
Philippines,PHL,2019,0.03407
Philippines,PHL,2020,0.03569
Poland,POL,1961,0.92
Poland,POL,1962,0.88
Poland,POL,1963,0.77
Poland,POL,1964,0.79
Poland,POL,1965,0.77
Poland,POL,1966,0.71
Poland,POL,1967,0.73
Poland,POL,1968,0.77
Poland,POL,1969,0.85
Poland,POL,1970,0.94
Poland,POL,1971,1.01
Poland,POL,1972,1.03
Poland,POL,1973,1.03
Poland,POL,1974,1.01
Poland,POL,1975,1.04
Poland,POL,1976,1.16
Poland,POL,1977,1.31
Poland,POL,1978,1.4
Poland,POL,1979,1.43
Poland,POL,1980,1.51
Poland,POL,1981,1.56
Poland,POL,1982,1.16
Poland,POL,1983,0.98
Poland,POL,1984,1.21
Poland,POL,1985,1.3
Poland,POL,1986,1.24
Poland,POL,1987,1.29
Poland,POL,1988,1.33
Poland,POL,1989,1.22
Poland,POL,1990,1.08
Poland,POL,1991,1.25
Poland,POL,1992,1.1
Poland,POL,1993,1.08
Poland,POL,1994,0.99
Poland,POL,1995,0.97
Poland,POL,1996,1.45
Poland,POL,1997,1.79
Poland,POL,1998,1.9
Poland,POL,1999,1.86
Poland,POL,2000,1.66144
Poland,POL,2001,1.66144
Poland,POL,2002,1.6139
Poland,POL,2003,1.60282
Poland,POL,2004,1.46928
Poland,POL,2005,1.3566
Poland,POL,2006,1.26996
Poland,POL,2007,1.25086
Poland,POL,2008,1.14754
Poland,POL,2009,1.04995
Poland,POL,2010,0.95827
Poland,POL,2011,0.90503
Poland,POL,2012,0.85208
Poland,POL,2013,0.84617
Poland,POL,2014,0.86435
Poland,POL,2015,0.86871
Poland,POL,2016,0.86423
Poland,POL,2017,0.85083
Poland,POL,2018,0.86628
Poland,POL,2019,0.86628
Poland,POL,2020,0.90585
Portugal,PRT,1961,14.12
Portugal,PRT,1962,14.5
Portugal,PRT,1963,17.81
Portugal,PRT,1964,18.63
Portugal,PRT,1965,18.74
Portugal,PRT,1966,16.01
Portugal,PRT,1967,16.09
Portugal,PRT,1968,17.35
Portugal,PRT,1969,12.72
Portugal,PRT,1970,18.37
Portugal,PRT,1971,14.17
Portugal,PRT,1972,13.66
Portugal,PRT,1973,16.27
Portugal,PRT,1974,15.47
Portugal,PRT,1975,16.9
Portugal,PRT,1976,14.26
Portugal,PRT,1977,10.52
Portugal,PRT,1978,10.82
Portugal,PRT,1979,11.15
Portugal,PRT,1980,11.54
Portugal,PRT,1981,12.48
Portugal,PRT,1982,14.04
Portugal,PRT,1983,13.16
Portugal,PRT,1984,13.5
Portugal,PRT,1985,10.9
Portugal,PRT,1986,9.84
Portugal,PRT,1987,8.21
Portugal,PRT,1988,8
Portugal,PRT,1989,9.48
Portugal,PRT,1990,9.33
Portugal,PRT,1991,9.07
Portugal,PRT,1992,8.82
Portugal,PRT,1993,8.6
Portugal,PRT,1994,8.43
Portugal,PRT,1995,8.16
Portugal,PRT,1996,7.53
Portugal,PRT,1997,7.22
Portugal,PRT,1998,7.16
Portugal,PRT,1999,6.72
Portugal,PRT,2000,6.49064
Portugal,PRT,2001,6.49064
Portugal,PRT,2002,6.47967
Portugal,PRT,2003,6.45391
Portugal,PRT,2004,6.42915
Portugal,PRT,2005,6.35288
Portugal,PRT,2006,6.20514
Portugal,PRT,2007,6.12999
Portugal,PRT,2008,6.19484
Portugal,PRT,2009,6.34614
Portugal,PRT,2010,6.42344
Portugal,PRT,2011,6.05039
Portugal,PRT,2012,5.62492
Portugal,PRT,2013,5.4865
Portugal,PRT,2014,5.72538
Portugal,PRT,2015,6.01668
Portugal,PRT,2016,6.00922
Portugal,PRT,2017,5.89661
Portugal,PRT,2018,5.90924
Portugal,PRT,2019,5.90924
Portugal,PRT,2020,5.2179
Qatar,QAT,1961,0
Qatar,QAT,1962,0
Qatar,QAT,1963,0
Qatar,QAT,1964,0
Qatar,QAT,1965,0
Qatar,QAT,1966,0
Qatar,QAT,1967,0
Qatar,QAT,1968,0
Qatar,QAT,1969,0
Qatar,QAT,1970,0
Qatar,QAT,1971,0
Qatar,QAT,1972,0
Qatar,QAT,1973,0
Qatar,QAT,1974,0
Qatar,QAT,1975,0
Qatar,QAT,1976,0
Qatar,QAT,1977,0
Qatar,QAT,1978,0
Qatar,QAT,1979,0
Qatar,QAT,1980,0
Qatar,QAT,1981,0
Qatar,QAT,1982,0
Qatar,QAT,1983,0
Qatar,QAT,1984,0
Qatar,QAT,1985,0
Qatar,QAT,1986,0
Qatar,QAT,1987,0
Qatar,QAT,1988,0
Qatar,QAT,1989,0
Qatar,QAT,1990,0
Qatar,QAT,1991,0
Qatar,QAT,1992,0
Qatar,QAT,1993,0
Qatar,QAT,1994,0
Qatar,QAT,1995,0
Qatar,QAT,1996,0
Qatar,QAT,1997,0
Qatar,QAT,1998,0
Qatar,QAT,1999,0
Qatar,QAT,2000,0.06367
Qatar,QAT,2001,0.06367
Qatar,QAT,2002,0.07033
Qatar,QAT,2003,0.07869
Qatar,QAT,2004,0.08621
Qatar,QAT,2005,0.09291
Qatar,QAT,2006,0.0947
Qatar,QAT,2007,0.09477
Qatar,QAT,2008,0.09374
Qatar,QAT,2009,0.09181
Qatar,QAT,2010,0.09034
Qatar,QAT,2011,0.08833
Qatar,QAT,2012,0.08721
Qatar,QAT,2013,0.08612
Qatar,QAT,2014,0.08489
Qatar,QAT,2015,0.08352
Qatar,QAT,2016,0.08134
Qatar,QAT,2017,0.07928
Qatar,QAT,2018,0.07684
Qatar,QAT,2019,0.07684
Qatar,QAT,2020,0.06281
Romania,ROU,1961,3.71
Romania,ROU,1962,4.49
Romania,ROU,1963,4.49
Romania,ROU,1964,4.42
Romania,ROU,1965,4.44
Romania,ROU,1966,4.37
Romania,ROU,1967,3.96
Romania,ROU,1968,4.33
Romania,ROU,1969,4.37
Romania,ROU,1970,4.49
Romania,ROU,1971,4.39
Romania,ROU,1972,4.35
Romania,ROU,1973,5.32
Romania,ROU,1974,5.27
Romania,ROU,1975,4.86
Romania,ROU,1976,4.43
Romania,ROU,1977,4.45
Romania,ROU,1978,4.94
Romania,ROU,1979,5.32
Romania,ROU,1980,4.34
Romania,ROU,1981,4.32
Romania,ROU,1982,4.17
Romania,ROU,1983,4.14
Romania,ROU,1984,4.11
Romania,ROU,1985,4.09
Romania,ROU,1986,4.07
Romania,ROU,1987,4.06
Romania,ROU,1988,4.06
Romania,ROU,1989,2.44
Romania,ROU,1990,3.17
Romania,ROU,1991,3.31
Romania,ROU,1992,3.12
Romania,ROU,1993,3.87
Romania,ROU,1994,3.27
Romania,ROU,1995,3.73
Romania,ROU,1996,3.8
Romania,ROU,1997,4.72
Romania,ROU,1998,3.37
Romania,ROU,1999,3.52
Romania,ROU,2000,3.6954
Romania,ROU,2001,3.6954
Romania,ROU,2002,3.66802
Romania,ROU,2003,3.85554
Romania,ROU,2004,3.32558
Romania,ROU,2005,3.21452
Romania,ROU,2006,2.92287
Romania,ROU,2007,3.36633
Romania,ROU,2008,3.4766
Romania,ROU,2009,3.3889
Romania,ROU,2010,3.17659
Romania,ROU,2011,3.0666
Romania,ROU,2012,3.04029
Romania,ROU,2013,3.09844
Romania,ROU,2014,2.99604
Romania,ROU,2015,2.81818
Romania,ROU,2016,2.77778
Romania,ROU,2017,3.00635
Romania,ROU,2018,3.26483
Romania,ROU,2019,3.26483
Romania,ROU,2020,3.40112
Russia,RUS,1963,1.01
Russia,RUS,1964,1.09
Russia,RUS,1965,1.15
Russia,RUS,1966,1.28
Russia,RUS,1967,1.44
Russia,RUS,1968,1.58
Russia,RUS,1969,2.1
Russia,RUS,1970,2.28
Russia,RUS,1971,2.36
Russia,RUS,1972,2.42
Russia,RUS,1973,2.33
Russia,RUS,1974,1.88
Russia,RUS,1975,1.92
Russia,RUS,1976,1.91
Russia,RUS,1977,1.88
Russia,RUS,1978,1.97
Russia,RUS,1979,1.97
Russia,RUS,1980,2.02
Russia,RUS,1981,1.8
Russia,RUS,1982,1.82
Russia,RUS,1983,1.82
Russia,RUS,1984,2.06
Russia,RUS,1985,1.65
Russia,RUS,1986,0.8
Russia,RUS,1987,0.81
Russia,RUS,1988,0.92
Russia,RUS,1989,0.93
Russia,RUS,1990,0.86
Russia,RUS,1991,0.78
Russia,RUS,1992,0.5
Russia,RUS,1993,0.49
Russia,RUS,1994,0.66
Russia,RUS,1995,0.81
Russia,RUS,1996,0.79
Russia,RUS,1997,0.81
Russia,RUS,1998,0.82
Russia,RUS,1999,0.97
Russia,RUS,2000,0.74141
Russia,RUS,2001,0.74141
Russia,RUS,2002,0.80522
Russia,RUS,2003,0.87125
Russia,RUS,2004,0.94695
Russia,RUS,2005,0.9799
Russia,RUS,2006,1.0521
Russia,RUS,2007,1.13047
Russia,RUS,2008,1.2152
Russia,RUS,2009,1.25301
Russia,RUS,2010,1.2425
Russia,RUS,2011,1.22365
Russia,RUS,2012,1.16244
Russia,RUS,2013,1.1373
Russia,RUS,2014,1.10406
Russia,RUS,2015,1.09388
Russia,RUS,2016,1.07235
Russia,RUS,2017,1.08249
Russia,RUS,2018,1.10088
Russia,RUS,2019,1.10088
Russia,RUS,2020,1.06221
Rwanda,RWA,1961,0
Rwanda,RWA,1962,0
Rwanda,RWA,1963,0
Rwanda,RWA,1964,0
Rwanda,RWA,1965,0
Rwanda,RWA,1966,0
Rwanda,RWA,1967,0
Rwanda,RWA,1968,0
Rwanda,RWA,1969,0
Rwanda,RWA,1970,0
Rwanda,RWA,1971,0
Rwanda,RWA,1972,0
Rwanda,RWA,1973,0.01
Rwanda,RWA,1974,0.01
Rwanda,RWA,1975,0.01
Rwanda,RWA,1976,0.01
Rwanda,RWA,1977,0.01
Rwanda,RWA,1978,0.01
Rwanda,RWA,1979,0.01
Rwanda,RWA,1980,0.01
Rwanda,RWA,1981,0.01
Rwanda,RWA,1982,0.01
Rwanda,RWA,1983,0.01
Rwanda,RWA,1984,0.01
Rwanda,RWA,1985,0.01
Rwanda,RWA,1986,0.01
Rwanda,RWA,1987,0.01
Rwanda,RWA,1988,0.01
Rwanda,RWA,1989,0.01
Rwanda,RWA,1990,0
Rwanda,RWA,1991,0
Rwanda,RWA,1992,0.01
Rwanda,RWA,1993,0.01
Rwanda,RWA,1994,0
Rwanda,RWA,1995,0
Rwanda,RWA,1996,0.01
Rwanda,RWA,1997,0.01
Rwanda,RWA,1998,0.01
Rwanda,RWA,1999,0.01
Rwanda,RWA,2000,0.00262
Rwanda,RWA,2001,0.00262
Rwanda,RWA,2002,0.00254
Rwanda,RWA,2003,0.00247
Rwanda,RWA,2004,0.00241
Rwanda,RWA,2005,0.00312
Rwanda,RWA,2006,0.00306
Rwanda,RWA,2007,0.00227
Rwanda,RWA,2008,0.00285
Rwanda,RWA,2009,0.00415
Rwanda,RWA,2010,0.00747
Rwanda,RWA,2011,0.00859
Rwanda,RWA,2012,0.0103
Rwanda,RWA,2013,0.01186
Rwanda,RWA,2014,0.01397
Rwanda,RWA,2015,0.0171
Rwanda,RWA,2016,0.0217
Rwanda,RWA,2017,0.02558
Rwanda,RWA,2018,0.02658
Rwanda,RWA,2019,0.02658
Rwanda,RWA,2020,0.02602
Saint Kitts and Nevis,KNA,1961,0.17
Saint Kitts and Nevis,KNA,1962,0.17
Saint Kitts and Nevis,KNA,1963,0.21
Saint Kitts and Nevis,KNA,1964,0.34
Saint Kitts and Nevis,KNA,1965,0.18
Saint Kitts and Nevis,KNA,1966,0.14
Saint Kitts and Nevis,KNA,1967,0.15
Saint Kitts and Nevis,KNA,1968,0.16
Saint Kitts and Nevis,KNA,1969,0.17
Saint Kitts and Nevis,KNA,1970,0.15
Saint Kitts and Nevis,KNA,1971,0.25
Saint Kitts and Nevis,KNA,1972,0.18
Saint Kitts and Nevis,KNA,1973,0.21
Saint Kitts and Nevis,KNA,1974,0.14
Saint Kitts and Nevis,KNA,1975,0.16
Saint Kitts and Nevis,KNA,1976,0.16
Saint Kitts and Nevis,KNA,1977,0.1
Saint Kitts and Nevis,KNA,1978,0.09
Saint Kitts and Nevis,KNA,1979,0.09
Saint Kitts and Nevis,KNA,1980,0.11
Saint Kitts and Nevis,KNA,1981,0.29
Saint Kitts and Nevis,KNA,1982,0.31
Saint Kitts and Nevis,KNA,1983,0.28
Saint Kitts and Nevis,KNA,1984,0.23
Saint Kitts and Nevis,KNA,1985,0.19
Saint Kitts and Nevis,KNA,1986,0.46
Saint Kitts and Nevis,KNA,1987,0.43
Saint Kitts and Nevis,KNA,1988,0.32
Saint Kitts and Nevis,KNA,1989,0.62
Saint Kitts and Nevis,KNA,1990,0.61
Saint Kitts and Nevis,KNA,1991,0.43
Saint Kitts and Nevis,KNA,1992,0.43
Saint Kitts and Nevis,KNA,1993,0.55
Saint Kitts and Nevis,KNA,1994,0.41
Saint Kitts and Nevis,KNA,1995,0.77
Saint Kitts and Nevis,KNA,1996,0.57
Saint Kitts and Nevis,KNA,1997,0.6
Saint Kitts and Nevis,KNA,1998,0.68
Saint Kitts and Nevis,KNA,1999,0.59
Saint Kitts and Nevis,KNA,2000,0.9909
Saint Kitts and Nevis,KNA,2001,0.9909
Saint Kitts and Nevis,KNA,2002,0.94668
Saint Kitts and Nevis,KNA,2003,0.97336
Saint Kitts and Nevis,KNA,2004,1.07552
Saint Kitts and Nevis,KNA,2005,1.19568
Saint Kitts and Nevis,KNA,2006,1.2357
Saint Kitts and Nevis,KNA,2007,1.2565
Saint Kitts and Nevis,KNA,2008,1.25429
Saint Kitts and Nevis,KNA,2009,1.16323
Saint Kitts and Nevis,KNA,2010,1.02365
Saint Kitts and Nevis,KNA,2011,0.85098
Saint Kitts and Nevis,KNA,2012,0.75618
Saint Kitts and Nevis,KNA,2013,0.72453
Saint Kitts and Nevis,KNA,2014,0.76188
Saint Kitts and Nevis,KNA,2015,0.821
Saint Kitts and Nevis,KNA,2016,0.89257
Saint Kitts and Nevis,KNA,2017,0.95797
Saint Kitts and Nevis,KNA,2018,1.01617
Saint Kitts and Nevis,KNA,2019,1.01617
Saint Kitts and Nevis,KNA,2020,0.85304
Saint Lucia,LCA,1961,0.27
Saint Lucia,LCA,1962,0.25
Saint Lucia,LCA,1963,0.25
Saint Lucia,LCA,1964,0.29
Saint Lucia,LCA,1965,0.31
Saint Lucia,LCA,1966,0.39
Saint Lucia,LCA,1967,0.37
Saint Lucia,LCA,1968,0.41
Saint Lucia,LCA,1969,0.61
Saint Lucia,LCA,1970,0.48
Saint Lucia,LCA,1971,0.65
Saint Lucia,LCA,1972,0.87
Saint Lucia,LCA,1973,0.94
Saint Lucia,LCA,1974,0.35
Saint Lucia,LCA,1975,0.29
Saint Lucia,LCA,1976,0.4
Saint Lucia,LCA,1977,0.36
Saint Lucia,LCA,1978,0.31
Saint Lucia,LCA,1979,0.4
Saint Lucia,LCA,1980,0.46
Saint Lucia,LCA,1981,0.43
Saint Lucia,LCA,1982,0.26
Saint Lucia,LCA,1983,0.41
Saint Lucia,LCA,1984,0.47
Saint Lucia,LCA,1985,0.46
Saint Lucia,LCA,1986,0.57
Saint Lucia,LCA,1987,0.76
Saint Lucia,LCA,1988,1
Saint Lucia,LCA,1989,0.81
Saint Lucia,LCA,1990,0.64
Saint Lucia,LCA,1991,0.77
Saint Lucia,LCA,1992,0.61
Saint Lucia,LCA,1993,0.77
Saint Lucia,LCA,1994,0.56
Saint Lucia,LCA,1995,0.67
Saint Lucia,LCA,1996,0.73
Saint Lucia,LCA,1997,0.92
Saint Lucia,LCA,1998,1.03
Saint Lucia,LCA,1999,1.07
Saint Lucia,LCA,2000,0.78081
Saint Lucia,LCA,2001,0.78081
Saint Lucia,LCA,2002,0.90236
Saint Lucia,LCA,2003,0.74119
Saint Lucia,LCA,2004,1.07546
Saint Lucia,LCA,2005,1.07689
Saint Lucia,LCA,2006,1.35117
Saint Lucia,LCA,2007,1.22654
Saint Lucia,LCA,2008,1.10076
Saint Lucia,LCA,2009,0.94756
Saint Lucia,LCA,2010,0.95925
Saint Lucia,LCA,2011,0.91197
Saint Lucia,LCA,2012,0.78248
Saint Lucia,LCA,2013,0.74225
Saint Lucia,LCA,2014,0.64796
Saint Lucia,LCA,2015,0.61355
Saint Lucia,LCA,2016,0.57814
Saint Lucia,LCA,2017,0.70724
Saint Lucia,LCA,2018,1.13059
Saint Lucia,LCA,2019,1.13059
Saint Lucia,LCA,2020,1.75223
Saint Vincent and the Grenadines,VCT,1990,0.13
Saint Vincent and the Grenadines,VCT,1991,0.18
Saint Vincent and the Grenadines,VCT,1992,0.17
Saint Vincent and the Grenadines,VCT,1993,0.14
Saint Vincent and the Grenadines,VCT,1994,0.14
Saint Vincent and the Grenadines,VCT,1995,0.15
Saint Vincent and the Grenadines,VCT,1996,0.18
Saint Vincent and the Grenadines,VCT,1997,0.16
Saint Vincent and the Grenadines,VCT,1998,0.19
Saint Vincent and the Grenadines,VCT,1999,0.14
Saint Vincent and the Grenadines,VCT,2000,0.1608
Saint Vincent and the Grenadines,VCT,2001,0.1608
Saint Vincent and the Grenadines,VCT,2002,0.15911
Saint Vincent and the Grenadines,VCT,2003,0.10551
Saint Vincent and the Grenadines,VCT,2004,0.10402
Saint Vincent and the Grenadines,VCT,2005,0.10269
Saint Vincent and the Grenadines,VCT,2006,0.20439
Saint Vincent and the Grenadines,VCT,2007,0.30455
Saint Vincent and the Grenadines,VCT,2008,0.45437
Saint Vincent and the Grenadines,VCT,2009,0.50212
Saint Vincent and the Grenadines,VCT,2010,0.44957
Saint Vincent and the Grenadines,VCT,2011,0.29787
Saint Vincent and the Grenadines,VCT,2012,0.24612
Saint Vincent and the Grenadines,VCT,2013,0.29225
Saint Vincent and the Grenadines,VCT,2014,0.38715
Saint Vincent and the Grenadines,VCT,2015,0.43248
Saint Vincent and the Grenadines,VCT,2016,0.38171
Saint Vincent and the Grenadines,VCT,2017,0.33127
Saint Vincent and the Grenadines,VCT,2018,0.28121
Saint Vincent and the Grenadines,VCT,2019,0.28121
Saint Vincent and the Grenadines,VCT,2020,0.41549
Samoa,WSM,1961,0
Samoa,WSM,1962,0
Samoa,WSM,1963,0
Samoa,WSM,1964,0
Samoa,WSM,1965,0
Samoa,WSM,1966,0.02
Samoa,WSM,1967,0.01
Samoa,WSM,1968,0.01
Samoa,WSM,1969,0.01
Samoa,WSM,1970,0.11
Samoa,WSM,1971,0.01
Samoa,WSM,1972,0.03
Samoa,WSM,1973,0.01
Samoa,WSM,1974,0.04
Samoa,WSM,1975,0.02
Samoa,WSM,1976,0.02
Samoa,WSM,1977,0.02
Samoa,WSM,1978,0.06
Samoa,WSM,1979,0.06
Samoa,WSM,1980,0.06
Samoa,WSM,1981,0.02
Samoa,WSM,1982,0.02
Samoa,WSM,1983,0.02
Samoa,WSM,1984,0
Samoa,WSM,1985,0.01
Samoa,WSM,1986,0.03
Samoa,WSM,1987,0.02
Samoa,WSM,1988,0.01
Samoa,WSM,1989,0.02
Samoa,WSM,1990,0.04
Samoa,WSM,1991,0.04
Samoa,WSM,1992,0.02
Samoa,WSM,1993,0.04
Samoa,WSM,1994,0.05
Samoa,WSM,1995,0.05
Samoa,WSM,1996,0.07
Samoa,WSM,1997,0.05
Samoa,WSM,1998,0.05
Samoa,WSM,1999,0.07
Samoa,WSM,2000,0
Samoa,WSM,2001,0
Samoa,WSM,2002,0.03755
Samoa,WSM,2003,0.07477
Samoa,WSM,2004,0.11162
Samoa,WSM,2005,0.07407
Samoa,WSM,2006,0.03685
Samoa,WSM,2007,0
Samoa,WSM,2008,0
Samoa,WSM,2009,0
Samoa,WSM,2010,0
Samoa,WSM,2011,0
Samoa,WSM,2012,0
Samoa,WSM,2013,0
Samoa,WSM,2014,0
Samoa,WSM,2015,0.03352
Samoa,WSM,2016,0.10015
Samoa,WSM,2017,0.16628
Samoa,WSM,2018,0.16542
Samoa,WSM,2019,0.16542
Samoa,WSM,2020,0.09631
Sao Tome and Principe,STP,1961,5.81
Sao Tome and Principe,STP,1962,5.97
Sao Tome and Principe,STP,1963,8.08
Sao Tome and Principe,STP,1964,6.61
Sao Tome and Principe,STP,1965,7.28
Sao Tome and Principe,STP,1966,6.67
Sao Tome and Principe,STP,1967,6.77
Sao Tome and Principe,STP,1968,7.83
Sao Tome and Principe,STP,1969,8.04
Sao Tome and Principe,STP,1970,6.9
Sao Tome and Principe,STP,1971,6.58
Sao Tome and Principe,STP,1972,6.18
Sao Tome and Principe,STP,1973,4.8
Sao Tome and Principe,STP,1974,5.99
Sao Tome and Principe,STP,1975,4.96
Sao Tome and Principe,STP,1976,4.81
Sao Tome and Principe,STP,1977,2.59
Sao Tome and Principe,STP,1978,1.51
Sao Tome and Principe,STP,1979,3.67
Sao Tome and Principe,STP,1980,1.39
Sao Tome and Principe,STP,1981,1.33
Sao Tome and Principe,STP,1982,0.69
Sao Tome and Principe,STP,1983,0.49
Sao Tome and Principe,STP,1984,0.94
Sao Tome and Principe,STP,1985,0.75
Sao Tome and Principe,STP,1986,0.65
Sao Tome and Principe,STP,1987,1.89
Sao Tome and Principe,STP,1988,1.73
Sao Tome and Principe,STP,1989,2.4
Sao Tome and Principe,STP,1990,2.32
Sao Tome and Principe,STP,1991,3.21
Sao Tome and Principe,STP,1992,2.58
Sao Tome and Principe,STP,1993,4.84
Sao Tome and Principe,STP,1994,3.49
Sao Tome and Principe,STP,1995,3.4
Sao Tome and Principe,STP,1996,3.96
Sao Tome and Principe,STP,1997,3.37
Sao Tome and Principe,STP,1998,4.68
Sao Tome and Principe,STP,1999,3.8
Sao Tome and Principe,STP,2000,3.99805
Sao Tome and Principe,STP,2001,3.99805
Sao Tome and Principe,STP,2002,4.53819
Sao Tome and Principe,STP,2003,5.01771
Sao Tome and Principe,STP,2004,4.92047
Sao Tome and Principe,STP,2005,4.62058
Sao Tome and Principe,STP,2006,4.27116
Sao Tome and Principe,STP,2007,3.93783
Sao Tome and Principe,STP,2008,3.49037
Sao Tome and Principe,STP,2009,3.33858
Sao Tome and Principe,STP,2010,3.86755
Sao Tome and Principe,STP,2011,4.4762
Sao Tome and Principe,STP,2012,4.77232
Sao Tome and Principe,STP,2013,4.60716
Sao Tome and Principe,STP,2014,4.267
Sao Tome and Principe,STP,2015,3.96757
Sao Tome and Principe,STP,2016,3.56734
Sao Tome and Principe,STP,2017,3.34825
Sao Tome and Principe,STP,2018,3.22999
Sao Tome and Principe,STP,2019,3.22999
Sao Tome and Principe,STP,2020,3.00837
Saudi Arabia,SAU,1961,0
Saudi Arabia,SAU,1962,0
Saudi Arabia,SAU,1963,0
Saudi Arabia,SAU,1964,0
Saudi Arabia,SAU,1965,0
Saudi Arabia,SAU,1966,0
Saudi Arabia,SAU,1967,0
Saudi Arabia,SAU,1968,0
Saudi Arabia,SAU,1969,0
Saudi Arabia,SAU,1970,0
Saudi Arabia,SAU,1971,0
Saudi Arabia,SAU,1972,0
Saudi Arabia,SAU,1973,0
Saudi Arabia,SAU,1974,0
Saudi Arabia,SAU,1975,0
Saudi Arabia,SAU,1976,0
Saudi Arabia,SAU,1977,0
Saudi Arabia,SAU,1978,0
Saudi Arabia,SAU,1979,0
Saudi Arabia,SAU,1980,0
Saudi Arabia,SAU,1981,0
Saudi Arabia,SAU,1982,0
Saudi Arabia,SAU,1983,0
Saudi Arabia,SAU,1984,0
Saudi Arabia,SAU,1985,0
Saudi Arabia,SAU,1986,0
Saudi Arabia,SAU,1987,0
Saudi Arabia,SAU,1988,0
Saudi Arabia,SAU,1989,0
Saudi Arabia,SAU,1990,0
Saudi Arabia,SAU,1991,0
Saudi Arabia,SAU,1992,0
Saudi Arabia,SAU,1993,0
Saudi Arabia,SAU,1994,0
Saudi Arabia,SAU,1995,0
Saudi Arabia,SAU,1996,0
Saudi Arabia,SAU,1997,0
Saudi Arabia,SAU,1998,0
Saudi Arabia,SAU,1999,0
Saudi Arabia,SAU,2000,0
Saudi Arabia,SAU,2001,0
Saudi Arabia,SAU,2002,0
Saudi Arabia,SAU,2003,0
Saudi Arabia,SAU,2004,0
Saudi Arabia,SAU,2005,0
Saudi Arabia,SAU,2006,0
Saudi Arabia,SAU,2007,0
Saudi Arabia,SAU,2008,0
Saudi Arabia,SAU,2009,0
Saudi Arabia,SAU,2010,0
Saudi Arabia,SAU,2011,0
Saudi Arabia,SAU,2012,0
Saudi Arabia,SAU,2013,0
Saudi Arabia,SAU,2014,0
Saudi Arabia,SAU,2015,0
Saudi Arabia,SAU,2016,0
Saudi Arabia,SAU,2017,0
Saudi Arabia,SAU,2018,0
Saudi Arabia,SAU,2019,0
Saudi Arabia,SAU,2020,0
Senegal,SEN,1961,0.91
Senegal,SEN,1962,0.77
Senegal,SEN,1963,0.86
Senegal,SEN,1964,0.67
Senegal,SEN,1965,0.49
Senegal,SEN,1966,0.43
Senegal,SEN,1967,0.44
Senegal,SEN,1968,0.38
Senegal,SEN,1969,0.35
Senegal,SEN,1970,0.29
Senegal,SEN,1971,0.31
Senegal,SEN,1972,0.34
Senegal,SEN,1973,0.31
Senegal,SEN,1974,0.3
Senegal,SEN,1975,0.42
Senegal,SEN,1976,0.46
Senegal,SEN,1977,0.43
Senegal,SEN,1978,0.35
Senegal,SEN,1979,0.32
Senegal,SEN,1980,0.31
Senegal,SEN,1981,0.34
Senegal,SEN,1982,0.31
Senegal,SEN,1983,0.36
Senegal,SEN,1984,0.33
Senegal,SEN,1985,0.19
Senegal,SEN,1986,0.22
Senegal,SEN,1987,0.16
Senegal,SEN,1988,0.24
Senegal,SEN,1989,0.32
Senegal,SEN,1990,0.26
Senegal,SEN,1991,0.13
Senegal,SEN,1992,0.11
Senegal,SEN,1993,0.09
Senegal,SEN,1994,0.1
Senegal,SEN,1995,0.1
Senegal,SEN,1996,0.08
Senegal,SEN,1997,0.08
Senegal,SEN,1998,0.1
Senegal,SEN,1999,0.11
Senegal,SEN,2000,0.15415
Senegal,SEN,2001,0.15415
Senegal,SEN,2002,0.18204
Senegal,SEN,2003,0.18693
Senegal,SEN,2004,0.16533
Senegal,SEN,2005,0.15662
Senegal,SEN,2006,0.14469
Senegal,SEN,2007,0.14753
Senegal,SEN,2008,0.13936
Senegal,SEN,2009,0.13568
Senegal,SEN,2010,0.12744
Senegal,SEN,2011,0.12023
Senegal,SEN,2012,0.10811
Senegal,SEN,2013,0.10032
Senegal,SEN,2014,0.09631
Senegal,SEN,2015,0.09425
Senegal,SEN,2016,0.09144
Senegal,SEN,2017,0.08501
Senegal,SEN,2018,0.08036
Senegal,SEN,2019,0.08036
Senegal,SEN,2020,0.06741
Serbia,SRB,2006,2.364
Serbia,SRB,2007,3.012
Serbia,SRB,2008,3.336
Serbia,SRB,2009,4.008
Serbia,SRB,2010,3.04
Serbia,SRB,2011,2.72
Serbia,SRB,2012,3.02
Serbia,SRB,2013,2.41
Serbia,SRB,2014,1.76
Serbia,SRB,2015,1.6
Serbia,SRB,2016,1.7
Serbia,SRB,2017,1.72
Serbia,SRB,2018,1.8
Serbia,SRB,2019,1.62
Seychelles,SYC,1961,0.16
Seychelles,SYC,1962,0.19
Seychelles,SYC,1963,0.3
Seychelles,SYC,1964,0.22
Seychelles,SYC,1965,0.51
Seychelles,SYC,1966,0.55
Seychelles,SYC,1967,0.63
Seychelles,SYC,1968,0.6
Seychelles,SYC,1969,0.53
Seychelles,SYC,1970,0.56
Seychelles,SYC,1971,0.65
Seychelles,SYC,1972,0.63
Seychelles,SYC,1973,0.61
Seychelles,SYC,1974,0.62
Seychelles,SYC,1975,0.53
Seychelles,SYC,1976,0.52
Seychelles,SYC,1977,0.53
Seychelles,SYC,1978,0.51
Seychelles,SYC,1979,0.53
Seychelles,SYC,1980,0.54
Seychelles,SYC,1981,0.5
Seychelles,SYC,1982,0.39
Seychelles,SYC,1983,0.43
Seychelles,SYC,1984,0.28
Seychelles,SYC,1985,0.35
Seychelles,SYC,1986,0.43
Seychelles,SYC,1987,0.5
Seychelles,SYC,1988,0.46
Seychelles,SYC,1989,0.47
Seychelles,SYC,1990,0.43
Seychelles,SYC,1991,0.47
Seychelles,SYC,1992,0.24
Seychelles,SYC,1993,0.22
Seychelles,SYC,1994,0.43
Seychelles,SYC,1995,0.73
Seychelles,SYC,1996,0.7
Seychelles,SYC,1997,0.71
Seychelles,SYC,1998,0.5
Seychelles,SYC,1999,0.78
Seychelles,SYC,2000,0.99775
Seychelles,SYC,2001,0.99775
Seychelles,SYC,2002,1.54539
Seychelles,SYC,2003,1.65174
Seychelles,SYC,2004,1.36266
Seychelles,SYC,2005,1.14341
Seychelles,SYC,2006,1.48217
Seychelles,SYC,2007,1.64443
Seychelles,SYC,2008,1.68658
Seychelles,SYC,2009,1.66487
Seychelles,SYC,2010,1.98788
Seychelles,SYC,2011,2.19819
Seychelles,SYC,2012,2.18464
Seychelles,SYC,2013,2.38665
Seychelles,SYC,2014,2.92037
Seychelles,SYC,2015,3.88994
Seychelles,SYC,2016,4.41409
Seychelles,SYC,2017,3.69228
Seychelles,SYC,2018,2.75568
Seychelles,SYC,2019,2.75568
Seychelles,SYC,2020,2.72112
Sierra Leone,SLE,1961,0.09
Sierra Leone,SLE,1962,0.04
Sierra Leone,SLE,1963,0.06
Sierra Leone,SLE,1964,0.03
Sierra Leone,SLE,1965,0.02
Sierra Leone,SLE,1966,0
Sierra Leone,SLE,1967,0.01
Sierra Leone,SLE,1968,0.02
Sierra Leone,SLE,1969,0.04
Sierra Leone,SLE,1970,0.03
Sierra Leone,SLE,1971,0.04
Sierra Leone,SLE,1972,0.07
Sierra Leone,SLE,1973,0.04
Sierra Leone,SLE,1974,0.03
Sierra Leone,SLE,1975,0.03
Sierra Leone,SLE,1976,0.03
Sierra Leone,SLE,1977,0.02
Sierra Leone,SLE,1978,0.01
Sierra Leone,SLE,1979,0
Sierra Leone,SLE,1980,0.02
Sierra Leone,SLE,1981,0.01
Sierra Leone,SLE,1982,0.01
Sierra Leone,SLE,1983,0.02
Sierra Leone,SLE,1984,0.01
Sierra Leone,SLE,1985,0.01
Sierra Leone,SLE,1986,0.01
Sierra Leone,SLE,1987,0.01
Sierra Leone,SLE,1988,0.01
Sierra Leone,SLE,1989,0.01
Sierra Leone,SLE,1990,0.01
Sierra Leone,SLE,1991,0
Sierra Leone,SLE,1992,0
Sierra Leone,SLE,1993,0.01
Sierra Leone,SLE,1994,0
Sierra Leone,SLE,1995,0
Sierra Leone,SLE,1996,0.01
Sierra Leone,SLE,1997,0.01
Sierra Leone,SLE,1998,0.01
Sierra Leone,SLE,1999,0
Sierra Leone,SLE,2000,0.00144
Sierra Leone,SLE,2001,0.00144
Sierra Leone,SLE,2002,0.00282
Sierra Leone,SLE,2003,0.00544
Sierra Leone,SLE,2004,0.00526
Sierra Leone,SLE,2005,0.00632
Sierra Leone,SLE,2006,0.00488
Sierra Leone,SLE,2007,0.00593
Sierra Leone,SLE,2008,0.00574
Sierra Leone,SLE,2009,0.00675
Sierra Leone,SLE,2010,0.00657
Sierra Leone,SLE,2011,0.0064
Sierra Leone,SLE,2012,0.00624
Sierra Leone,SLE,2013,0.00608
Sierra Leone,SLE,2014,0.00592
Sierra Leone,SLE,2015,0.00576
Sierra Leone,SLE,2016,0.00652
Sierra Leone,SLE,2017,0.00993
Sierra Leone,SLE,2018,0.01237
Sierra Leone,SLE,2019,0.01237
Sierra Leone,SLE,2020,0.00756
Singapore,SGP,1961,0.04
Singapore,SGP,1962,0.03
Singapore,SGP,1963,0.04
Singapore,SGP,1964,0.03
Singapore,SGP,1965,0.05
Singapore,SGP,1966,0.04
Singapore,SGP,1967,0.04
Singapore,SGP,1968,0.06
Singapore,SGP,1969,0.06
Singapore,SGP,1970,0.08
Singapore,SGP,1971,0.11
Singapore,SGP,1972,0.08
Singapore,SGP,1973,0.11
Singapore,SGP,1974,0.12
Singapore,SGP,1975,0.12
Singapore,SGP,1976,0.13
Singapore,SGP,1977,0.15
Singapore,SGP,1978,0.15
Singapore,SGP,1979,0.14
Singapore,SGP,1980,0.15
Singapore,SGP,1981,0.14
Singapore,SGP,1982,0.14
Singapore,SGP,1983,0.15
Singapore,SGP,1984,0.16
Singapore,SGP,1985,0.07
Singapore,SGP,1986,0.07
Singapore,SGP,1987,0.07
Singapore,SGP,1988,0.07
Singapore,SGP,1989,0.07
Singapore,SGP,1990,0.07
Singapore,SGP,1991,0.07
Singapore,SGP,1992,0.07
Singapore,SGP,1993,0.08
Singapore,SGP,1994,0.08
Singapore,SGP,1995,0.1
Singapore,SGP,1996,0.11
Singapore,SGP,1997,0.11
Singapore,SGP,1998,0.12
Singapore,SGP,1999,0.12
Singapore,SGP,2000,0.15
Singapore,SGP,2001,0.15
Singapore,SGP,2002,0.16088
Singapore,SGP,2003,0.17368
Singapore,SGP,2004,0.16793
Singapore,SGP,2005,0.18217
Singapore,SGP,2006,0.19923
Singapore,SGP,2007,0.21431
Singapore,SGP,2008,0.22634
Singapore,SGP,2009,0.23607
Singapore,SGP,2010,0.24967
Singapore,SGP,2011,0.26358
Singapore,SGP,2012,0.27494
Singapore,SGP,2013,0.27692
Singapore,SGP,2014,0.27673
Singapore,SGP,2015,0.27233
Singapore,SGP,2016,0.2724
Singapore,SGP,2017,0.27996
Singapore,SGP,2018,0.27921
Singapore,SGP,2019,0.27921
Singapore,SGP,2020,0.29536
Slovakia,SVK,1961,2.42
Slovakia,SVK,1962,2.21
Slovakia,SVK,1963,1.94
Slovakia,SVK,1964,2.45
Slovakia,SVK,1965,2.77
Slovakia,SVK,1966,2.55
Slovakia,SVK,1967,2.4
Slovakia,SVK,1968,2.04
Slovakia,SVK,1969,2.21
Slovakia,SVK,1970,2.43
Slovakia,SVK,1971,2.51
Slovakia,SVK,1972,2.41
Slovakia,SVK,1973,2.39
Slovakia,SVK,1974,2.5
Slovakia,SVK,1975,2.99
Slovakia,SVK,1976,2.71
Slovakia,SVK,1977,2.81
Slovakia,SVK,1978,2.87
Slovakia,SVK,1979,2.54
Slovakia,SVK,1980,2.71
Slovakia,SVK,1981,2.76
Slovakia,SVK,1982,2.41
Slovakia,SVK,1983,2.46
Slovakia,SVK,1984,2.55
Slovakia,SVK,1985,2.6
Slovakia,SVK,1986,2.13
Slovakia,SVK,1987,2.42
Slovakia,SVK,1988,2.07
Slovakia,SVK,1989,2.1
Slovakia,SVK,1990,2.34
Slovakia,SVK,1991,2.36
Slovakia,SVK,1992,2.19
Slovakia,SVK,1993,2.06
Slovakia,SVK,1994,1.99
Slovakia,SVK,1995,1.86
Slovakia,SVK,1996,1.95
Slovakia,SVK,1997,2
Slovakia,SVK,1998,1.84
Slovakia,SVK,1999,1.76
Slovakia,SVK,2000,1.85256
Slovakia,SVK,2001,1.85256
Slovakia,SVK,2002,1.88004
Slovakia,SVK,2003,1.86732
Slovakia,SVK,2004,1.73452
Slovakia,SVK,2005,1.84378
Slovakia,SVK,2006,1.83474
Slovakia,SVK,2007,1.9865
Slovakia,SVK,2008,1.97872
Slovakia,SVK,2009,2.09161
Slovakia,SVK,2010,2.16631
Slovakia,SVK,2011,2.16368
Slovakia,SVK,2012,2.24092
Slovakia,SVK,2013,2.4368
Slovakia,SVK,2014,2.59459
Slovakia,SVK,2015,2.5954
Slovakia,SVK,2016,2.3608
Slovakia,SVK,2017,2.24446
Slovakia,SVK,2018,2.36533
Slovakia,SVK,2019,2.36533
Slovakia,SVK,2020,2.48678
Slovenia,SVN,1981,8.91
Slovenia,SVN,1982,11.46
Slovenia,SVN,1983,10.04
Slovenia,SVN,1984,10.12
Slovenia,SVN,1985,8.63
Slovenia,SVN,1986,10.78
Slovenia,SVN,1987,9.9
Slovenia,SVN,1988,8.39
Slovenia,SVN,1989,7.56
Slovenia,SVN,1990,8.03
Slovenia,SVN,1991,7.79
Slovenia,SVN,1992,7.86
Slovenia,SVN,1993,7.57
Slovenia,SVN,1994,6.14
Slovenia,SVN,1995,6.09
Slovenia,SVN,1996,5.34
Slovenia,SVN,1997,5.29
Slovenia,SVN,1998,7.52
Slovenia,SVN,1999,5.13
Slovenia,SVN,2000,4.91511
Slovenia,SVN,2001,4.91511
Slovenia,SVN,2002,4.79459
Slovenia,SVN,2003,4.49802
Slovenia,SVN,2004,4.95087
Slovenia,SVN,2005,4.94124
Slovenia,SVN,2006,4.90857
Slovenia,SVN,2007,4.69667
Slovenia,SVN,2008,4.40333
Slovenia,SVN,2009,4.66
Slovenia,SVN,2010,4.73667
Slovenia,SVN,2011,5.05333
Slovenia,SVN,2012,4.8
Slovenia,SVN,2013,4.77333
Slovenia,SVN,2014,4.57333
Slovenia,SVN,2015,4.98333
Slovenia,SVN,2016,4.94
Slovenia,SVN,2017,4.68333
Slovenia,SVN,2018,4.66333
Slovenia,SVN,2019,4.66333
Slovenia,SVN,2020,4.6
Solomon Islands,SLB,1961,0.01
Solomon Islands,SLB,1962,0.01
Solomon Islands,SLB,1963,0.03
Solomon Islands,SLB,1964,0.03
Solomon Islands,SLB,1965,0.03
Solomon Islands,SLB,1966,0.03
Solomon Islands,SLB,1967,0.02
Solomon Islands,SLB,1968,0.04
Solomon Islands,SLB,1969,0.03
Solomon Islands,SLB,1970,0.03
Solomon Islands,SLB,1971,0.06
Solomon Islands,SLB,1972,0.05
Solomon Islands,SLB,1973,0.05
Solomon Islands,SLB,1974,0.06
Solomon Islands,SLB,1975,0.06
Solomon Islands,SLB,1976,0.06
Solomon Islands,SLB,1977,0.07
Solomon Islands,SLB,1978,0.06
Solomon Islands,SLB,1979,0.07
Solomon Islands,SLB,1980,0.06
Solomon Islands,SLB,1981,0.06
Solomon Islands,SLB,1982,0.05
Solomon Islands,SLB,1983,0.05
Solomon Islands,SLB,1984,0.04
Solomon Islands,SLB,1985,0.05
Solomon Islands,SLB,1986,0.05
Solomon Islands,SLB,1987,0.06
Solomon Islands,SLB,1988,0.05
Solomon Islands,SLB,1989,0.06
Solomon Islands,SLB,1990,0.05
Solomon Islands,SLB,1991,0.03
Solomon Islands,SLB,1992,0.03
Solomon Islands,SLB,1993,0.02
Solomon Islands,SLB,1994,0.03
Solomon Islands,SLB,1995,0.03
Solomon Islands,SLB,1996,0.05
Solomon Islands,SLB,1997,0.04
Solomon Islands,SLB,1998,0.03
Solomon Islands,SLB,1999,0.04
Solomon Islands,SLB,2000,0
Solomon Islands,SLB,2001,0
Solomon Islands,SLB,2002,0
Solomon Islands,SLB,2003,0.0149
Solomon Islands,SLB,2004,0.0149
Solomon Islands,SLB,2005,0.02904
Solomon Islands,SLB,2006,0.02792
Solomon Islands,SLB,2007,0.04136
Solomon Islands,SLB,2008,0.04034
Solomon Islands,SLB,2009,0.03934
Solomon Islands,SLB,2010,0.03834
Solomon Islands,SLB,2011,0.02523
Solomon Islands,SLB,2012,0.01244
Solomon Islands,SLB,2013,0.01145
Solomon Islands,SLB,2014,0.02258
Solomon Islands,SLB,2015,0.04426
Solomon Islands,SLB,2016,0.0539
Solomon Islands,SLB,2017,0.06327
Solomon Islands,SLB,2018,0.05157
Solomon Islands,SLB,2019,0.05157
Solomon Islands,SLB,2020,0.02913
Somalia,SOM,1961,0.03
Somalia,SOM,1962,0.03
Somalia,SOM,1963,0
Somalia,SOM,1964,0.01
Somalia,SOM,1965,0.02
Somalia,SOM,1966,0.02
Somalia,SOM,1967,0.01
Somalia,SOM,1968,0.01
Somalia,SOM,1969,0.01
Somalia,SOM,1970,0.01
Somalia,SOM,1971,0
Somalia,SOM,1972,0.01
Somalia,SOM,1973,0
Somalia,SOM,1974,0
Somalia,SOM,1975,0
Somalia,SOM,1976,0
Somalia,SOM,1977,0
Somalia,SOM,1978,0
Somalia,SOM,1979,0
Somalia,SOM,1980,0.01
Somalia,SOM,1981,0
Somalia,SOM,1982,0
Somalia,SOM,1983,0.01
Somalia,SOM,1984,0
Somalia,SOM,1985,0
Somalia,SOM,1986,0
Somalia,SOM,1987,0
Somalia,SOM,1988,0
Somalia,SOM,1989,0
Somalia,SOM,1990,0
Somalia,SOM,1991,0
Somalia,SOM,1992,0
Somalia,SOM,1993,0
Somalia,SOM,1994,0
Somalia,SOM,1995,0
Somalia,SOM,1996,0
Somalia,SOM,1997,0
Somalia,SOM,1998,0
Somalia,SOM,1999,0
Somalia,SOM,2000,0
Somalia,SOM,2001,0
Somalia,SOM,2002,0
Somalia,SOM,2003,0
Somalia,SOM,2004,0
Somalia,SOM,2005,0
Somalia,SOM,2006,0
Somalia,SOM,2007,0
Somalia,SOM,2008,0
Somalia,SOM,2009,0
Somalia,SOM,2010,0
Somalia,SOM,2011,0
Somalia,SOM,2012,0
Somalia,SOM,2013,0
Somalia,SOM,2014,0
Somalia,SOM,2015,0
Somalia,SOM,2016,0
Somalia,SOM,2017,0
Somalia,SOM,2018,0
Somalia,SOM,2019,0
Somalia,SOM,2020,0
South Africa,ZAF,1961,3.83
South Africa,ZAF,1962,4.35
South Africa,ZAF,1963,1.61
South Africa,ZAF,1964,1.88
South Africa,ZAF,1965,1.8
South Africa,ZAF,1966,1.75
South Africa,ZAF,1967,1.92
South Africa,ZAF,1968,1.9
South Africa,ZAF,1969,1.97
South Africa,ZAF,1970,1.93
South Africa,ZAF,1971,2.36
South Africa,ZAF,1972,2.09
South Africa,ZAF,1973,2.23
South Africa,ZAF,1974,2.35
South Africa,ZAF,1975,2.16
South Africa,ZAF,1976,2.05
South Africa,ZAF,1977,1.86
South Africa,ZAF,1978,1.82
South Africa,ZAF,1979,1.74
South Africa,ZAF,1980,1.62
South Africa,ZAF,1981,1.7
South Africa,ZAF,1982,1.65
South Africa,ZAF,1983,1.68
South Africa,ZAF,1984,1.74
South Africa,ZAF,1985,1.73
South Africa,ZAF,1986,1.66
South Africa,ZAF,1987,1.69
South Africa,ZAF,1988,1.65
South Africa,ZAF,1989,1.61
South Africa,ZAF,1990,1.59
South Africa,ZAF,1991,1.6
South Africa,ZAF,1992,1.55
South Africa,ZAF,1993,1.46
South Africa,ZAF,1994,1.5
South Africa,ZAF,1995,1.58
South Africa,ZAF,1996,1.53
South Africa,ZAF,1997,1.47
South Africa,ZAF,1998,1.38
South Africa,ZAF,1999,1.39
South Africa,ZAF,2000,1.50973
South Africa,ZAF,2001,1.50973
South Africa,ZAF,2002,1.43968
South Africa,ZAF,2003,1.36729
South Africa,ZAF,2004,1.28893
South Africa,ZAF,2005,1.26155
South Africa,ZAF,2006,1.25474
South Africa,ZAF,2007,1.25612
South Africa,ZAF,2008,1.23526
South Africa,ZAF,2009,1.20151
South Africa,ZAF,2010,1.1789
South Africa,ZAF,2011,1.18764
South Africa,ZAF,2012,1.19391
South Africa,ZAF,2013,1.21872
South Africa,ZAF,2014,1.26561
South Africa,ZAF,2015,1.31919
South Africa,ZAF,2016,1.3568
South Africa,ZAF,2017,1.3449
South Africa,ZAF,2018,1.30028
South Africa,ZAF,2019,1.30028
South Africa,ZAF,2020,0.92166
South Korea,KOR,1961,0
South Korea,KOR,1962,0
South Korea,KOR,1963,0
South Korea,KOR,1964,0
South Korea,KOR,1965,0
South Korea,KOR,1966,0
South Korea,KOR,1967,0
South Korea,KOR,1968,0
South Korea,KOR,1969,0
South Korea,KOR,1970,0
South Korea,KOR,1971,0
South Korea,KOR,1972,0
South Korea,KOR,1973,0
South Korea,KOR,1974,0
South Korea,KOR,1975,0
South Korea,KOR,1976,0
South Korea,KOR,1977,0
South Korea,KOR,1978,0
South Korea,KOR,1979,0
South Korea,KOR,1980,0
South Korea,KOR,1981,0
South Korea,KOR,1982,0
South Korea,KOR,1983,0
South Korea,KOR,1984,0
South Korea,KOR,1985,0
South Korea,KOR,1986,0
South Korea,KOR,1987,0
South Korea,KOR,1988,0.01
South Korea,KOR,1989,0.01
South Korea,KOR,1990,0.01
South Korea,KOR,1991,0
South Korea,KOR,1992,0.01
South Korea,KOR,1993,0.01
South Korea,KOR,1994,0.01
South Korea,KOR,1995,0.02
South Korea,KOR,1996,0.02
South Korea,KOR,1997,0.03
South Korea,KOR,1998,0.02
South Korea,KOR,1999,0.02
South Korea,KOR,2000,0.03505
South Korea,KOR,2001,0.03505
South Korea,KOR,2002,0.04486
South Korea,KOR,2003,0.05466
South Korea,KOR,2004,0.08076
South Korea,KOR,2005,0.10754
South Korea,KOR,2006,0.15107
South Korea,KOR,2007,0.17
South Korea,KOR,2008,0.17
South Korea,KOR,2009,0.15167
South Korea,KOR,2010,0.136
South Korea,KOR,2011,0.134
South Korea,KOR,2012,0.139
South Korea,KOR,2013,0.14379
South Korea,KOR,2014,0.15534
South Korea,KOR,2015,0.15622
South Korea,KOR,2016,0.15305
South Korea,KOR,2017,0.14662
South Korea,KOR,2018,0.15245
South Korea,KOR,2019,0.15245
South Korea,KOR,2020,0.20984
Spain,ESP,1962,10.49
Spain,ESP,1963,9.81
Spain,ESP,1964,9.5
Spain,ESP,1965,9.54
Spain,ESP,1966,10.08
Spain,ESP,1967,9.26
Spain,ESP,1968,9.45
Spain,ESP,1969,9.53
Spain,ESP,1970,9.39
Spain,ESP,1971,9.16
Spain,ESP,1972,10.22
Spain,ESP,1973,11.43
Spain,ESP,1974,11.72
Spain,ESP,1975,11.55
Spain,ESP,1976,10.77
Spain,ESP,1977,9.85
Spain,ESP,1978,10.58
Spain,ESP,1979,9.79
Spain,ESP,1980,9.69
Spain,ESP,1981,8.78
Spain,ESP,1982,8.4
Spain,ESP,1983,8.32
Spain,ESP,1984,6.94
Spain,ESP,1985,6.86
Spain,ESP,1986,6.65
Spain,ESP,1987,6.45
Spain,ESP,1988,5.64
Spain,ESP,1989,5.33
Spain,ESP,1990,5.1
Spain,ESP,1991,5.07
Spain,ESP,1992,4.49
Spain,ESP,1993,4.56
Spain,ESP,1994,4.27
Spain,ESP,1995,4.03
Spain,ESP,1996,3.97
Spain,ESP,1997,4.57
Spain,ESP,1998,4.62
Spain,ESP,1999,4.39
Spain,ESP,2000,4.23921
Spain,ESP,2001,4.23921
Spain,ESP,2002,4.00076
Spain,ESP,2003,3.89396
Spain,ESP,2004,3.78086
Spain,ESP,2005,3.65669
Spain,ESP,2006,3.29333
Spain,ESP,2007,2.88333
Spain,ESP,2008,2.5
Spain,ESP,2009,2.29
Spain,ESP,2010,2.16085
Spain,ESP,2011,2.10928
Spain,ESP,2012,2.0856
Spain,ESP,2013,1.80382
Spain,ESP,2014,2.32896
Spain,ESP,2015,2.9217
Spain,ESP,2016,3.80849
Spain,ESP,2017,3.68653
Spain,ESP,2018,3.57255
Spain,ESP,2019,3.57255
Spain,ESP,2020,2.76613
Sri Lanka,LKA,1961,0
Sri Lanka,LKA,1962,0
Sri Lanka,LKA,1963,0
Sri Lanka,LKA,1964,0
Sri Lanka,LKA,1965,0
Sri Lanka,LKA,1966,0
Sri Lanka,LKA,1967,0
Sri Lanka,LKA,1968,0
Sri Lanka,LKA,1969,0
Sri Lanka,LKA,1970,0
Sri Lanka,LKA,1971,0
Sri Lanka,LKA,1972,0
Sri Lanka,LKA,1973,0
Sri Lanka,LKA,1974,0
Sri Lanka,LKA,1975,0
Sri Lanka,LKA,1976,0
Sri Lanka,LKA,1977,0
Sri Lanka,LKA,1978,0
Sri Lanka,LKA,1979,0
Sri Lanka,LKA,1980,0
Sri Lanka,LKA,1981,0
Sri Lanka,LKA,1982,0
Sri Lanka,LKA,1983,0
Sri Lanka,LKA,1984,0
Sri Lanka,LKA,1985,0
Sri Lanka,LKA,1986,0
Sri Lanka,LKA,1987,0
Sri Lanka,LKA,1988,0
Sri Lanka,LKA,1989,0
Sri Lanka,LKA,1990,0
Sri Lanka,LKA,1991,0
Sri Lanka,LKA,1992,0
Sri Lanka,LKA,1993,0
Sri Lanka,LKA,1994,0
Sri Lanka,LKA,1995,0
Sri Lanka,LKA,1996,0
Sri Lanka,LKA,1997,0
Sri Lanka,LKA,1998,0.01
Sri Lanka,LKA,1999,0.01
Sri Lanka,LKA,2000,0.00212
Sri Lanka,LKA,2001,0.00212
Sri Lanka,LKA,2002,0.00231
Sri Lanka,LKA,2003,0.00212
Sri Lanka,LKA,2004,0.00195
Sri Lanka,LKA,2005,0.00078
Sri Lanka,LKA,2006,0
Sri Lanka,LKA,2007,0
Sri Lanka,LKA,2008,0
Sri Lanka,LKA,2009,0
Sri Lanka,LKA,2010,0.00112
Sri Lanka,LKA,2011,0.00234
Sri Lanka,LKA,2012,0.00374
Sri Lanka,LKA,2013,0.00496
Sri Lanka,LKA,2014,0.00654
Sri Lanka,LKA,2015,0.00846
Sri Lanka,LKA,2016,0.00897
Sri Lanka,LKA,2017,0.00902
Sri Lanka,LKA,2018,0.00856
Sri Lanka,LKA,2019,0.00856
Sri Lanka,LKA,2020,0.00595
Sudan,SDN,1961,0
Sudan,SDN,1962,0
Sudan,SDN,1963,0
Sudan,SDN,1964,0.01
Sudan,SDN,1965,0.01
Sudan,SDN,1966,0.01
Sudan,SDN,1967,0.01
Sudan,SDN,1968,0.01
Sudan,SDN,1969,0.01
Sudan,SDN,1970,0.01
Sudan,SDN,1971,0
Sudan,SDN,1972,0
Sudan,SDN,1973,0
Sudan,SDN,1974,0
Sudan,SDN,1975,0
Sudan,SDN,1976,0
Sudan,SDN,1977,0
Sudan,SDN,1978,0
Sudan,SDN,1979,0
Sudan,SDN,1980,0
Sudan,SDN,1981,0
Sudan,SDN,1982,0
Sudan,SDN,1983,0
Sudan,SDN,1984,0
Sudan,SDN,1985,0
Sudan,SDN,1986,0
Sudan,SDN,1987,0
Sudan,SDN,1988,0
Sudan,SDN,1989,0
Sudan,SDN,1990,0
Sudan,SDN,1991,0
Sudan,SDN,1992,0
Sudan,SDN,1993,0
Sudan,SDN,1994,0
Sudan,SDN,1995,0
Sudan,SDN,1996,0
Sudan,SDN,1997,0
Sudan,SDN,1998,0
Sudan,SDN,1999,0
Sudan,SDN,2000,0
Sudan,SDN,2001,0
Sudan,SDN,2002,0
Sudan,SDN,2003,0
Sudan,SDN,2004,0
Sudan,SDN,2005,0
Sudan,SDN,2006,0
Sudan,SDN,2007,0
Sudan,SDN,2008,0
Sudan,SDN,2009,0
Sudan,SDN,2010,0.0004
Sudan,SDN,2011,0.00059
Sudan,SDN,2012,0.00059
Sudan,SDN,2013,0.00055
Sudan,SDN,2014,0.00071
Sudan,SDN,2015,0.00088
Sudan,SDN,2016,0.00069
Sudan,SDN,2017,0.00066
Sudan,SDN,2018,0.00096
Sudan,SDN,2019,0.00096
Sudan,SDN,2020,0.00136
Suriname,SUR,1961,0.05
Suriname,SUR,1962,0.06
Suriname,SUR,1963,0.06
Suriname,SUR,1964,0.1
Suriname,SUR,1965,0.05
Suriname,SUR,1966,0.05
Suriname,SUR,1967,0.04
Suriname,SUR,1968,0.04
Suriname,SUR,1969,0.57
Suriname,SUR,1970,0.65
Suriname,SUR,1971,0.09
Suriname,SUR,1972,0.11
Suriname,SUR,1973,0.05
Suriname,SUR,1974,0.05
Suriname,SUR,1975,0.05
Suriname,SUR,1976,0.1
Suriname,SUR,1977,0.08
Suriname,SUR,1978,0.08
Suriname,SUR,1979,0.08
Suriname,SUR,1980,0.09
Suriname,SUR,1981,0.08
Suriname,SUR,1982,0.1
Suriname,SUR,1983,0.11
Suriname,SUR,1984,0.25
Suriname,SUR,1985,0.04
Suriname,SUR,1986,0.09
Suriname,SUR,1987,0.09
Suriname,SUR,1988,0.04
Suriname,SUR,1989,0.04
Suriname,SUR,1990,0.04
Suriname,SUR,1991,0.07
Suriname,SUR,1992,0.05
Suriname,SUR,1993,0.04
Suriname,SUR,1994,0.03
Suriname,SUR,1995,0.09
Suriname,SUR,1996,0.04
Suriname,SUR,1997,0.17
Suriname,SUR,1998,0.19
Suriname,SUR,1999,0.07
Suriname,SUR,2000,0.03727
Suriname,SUR,2001,0.03727
Suriname,SUR,2002,0.03668
Suriname,SUR,2003,0.04796
Suriname,SUR,2004,0.05905
Suriname,SUR,2005,0.06995
Suriname,SUR,2006,0.10262
Suriname,SUR,2007,0.12361
Suriname,SUR,2008,0.14423
Suriname,SUR,2009,0.1307
Suriname,SUR,2010,0.16013
Suriname,SUR,2011,0.18918
Suriname,SUR,2012,0.18722
Suriname,SUR,2013,0.16381
Suriname,SUR,2014,0.1309
Suriname,SUR,2015,0.1292
Suriname,SUR,2016,0.11751
Suriname,SUR,2017,0.13503
Suriname,SUR,2018,0.17117
Suriname,SUR,2019,0.17117
Suriname,SUR,2020,0.25104
Sweden,SWE,1961,0.55
Sweden,SWE,1962,0.58
Sweden,SWE,1963,0.54
Sweden,SWE,1964,0.59
Sweden,SWE,1965,0.6
Sweden,SWE,1966,0.64
Sweden,SWE,1967,0.69
Sweden,SWE,1968,0.74
Sweden,SWE,1969,0.81
Sweden,SWE,1970,0.89
Sweden,SWE,1971,0.97
Sweden,SWE,1972,1.1
Sweden,SWE,1973,1.01
Sweden,SWE,1974,1.07
Sweden,SWE,1975,1.15
Sweden,SWE,1976,1.18
Sweden,SWE,1977,1.31
Sweden,SWE,1978,1.25
Sweden,SWE,1979,1.29
Sweden,SWE,1980,1.3
Sweden,SWE,1981,1.32
Sweden,SWE,1982,1.41
Sweden,SWE,1983,1.45
Sweden,SWE,1984,1.55
Sweden,SWE,1985,1.55
Sweden,SWE,1986,1.6
Sweden,SWE,1987,1.57
Sweden,SWE,1988,1.63
Sweden,SWE,1989,1.67
Sweden,SWE,1990,1.65
Sweden,SWE,1991,1.66
Sweden,SWE,1992,1.7
Sweden,SWE,1993,1.72
Sweden,SWE,1994,1.78
Sweden,SWE,1995,1.71
Sweden,SWE,1996,1.81
Sweden,SWE,1997,1.97
Sweden,SWE,1998,1.98
Sweden,SWE,1999,2
Sweden,SWE,2000,2.40667
Sweden,SWE,2001,2.40667
Sweden,SWE,2002,2.57667
Sweden,SWE,2003,2.67
Sweden,SWE,2004,2.7
Sweden,SWE,2005,2.75
Sweden,SWE,2006,2.87
Sweden,SWE,2007,2.99667
Sweden,SWE,2008,3.14667
Sweden,SWE,2009,3.26667
Sweden,SWE,2010,3.39333
Sweden,SWE,2011,3.43333
Sweden,SWE,2012,3.46667
Sweden,SWE,2013,3.46333
Sweden,SWE,2014,3.45333
Sweden,SWE,2015,3.41667
Sweden,SWE,2016,3.38333
Sweden,SWE,2017,3.37667
Sweden,SWE,2018,3.36
Sweden,SWE,2019,3.36
Sweden,SWE,2020,3.51
Switzerland,CHE,1966,6.15
Switzerland,CHE,1967,6.32
Switzerland,CHE,1968,6.22
Switzerland,CHE,1969,6.45
Switzerland,CHE,1970,6.6
Switzerland,CHE,1971,6.56
Switzerland,CHE,1972,6.95
Switzerland,CHE,1973,7.26
Switzerland,CHE,1974,7.15
Switzerland,CHE,1975,6.79
Switzerland,CHE,1976,6.64
Switzerland,CHE,1977,6.8
Switzerland,CHE,1978,6.9
Switzerland,CHE,1979,6.9
Switzerland,CHE,1980,7.11
Switzerland,CHE,1981,7.32
Switzerland,CHE,1982,7.28
Switzerland,CHE,1983,7.09
Switzerland,CHE,1984,7.29
Switzerland,CHE,1985,7.21
Switzerland,CHE,1986,7.04
Switzerland,CHE,1987,7.16
Switzerland,CHE,1988,7.2
Switzerland,CHE,1989,7.14
Switzerland,CHE,1990,6.5
Switzerland,CHE,1991,6.39
Switzerland,CHE,1992,6.16
Switzerland,CHE,1993,6.16
Switzerland,CHE,1994,5.96
Switzerland,CHE,1995,5.85
Switzerland,CHE,1996,5.85
Switzerland,CHE,1997,5.85
Switzerland,CHE,1998,5.72
Switzerland,CHE,1999,5.83
Switzerland,CHE,2000,5.67962
Switzerland,CHE,2001,5.67962
Switzerland,CHE,2002,5.54437
Switzerland,CHE,2003,5.4087
Switzerland,CHE,2004,5.27274
Switzerland,CHE,2005,5.13674
Switzerland,CHE,2006,5.08032
Switzerland,CHE,2007,5.02465
Switzerland,CHE,2008,4.97035
Switzerland,CHE,2009,4.91725
Switzerland,CHE,2010,4.86759
Switzerland,CHE,2011,4.82097
Switzerland,CHE,2012,4.73781
Switzerland,CHE,2013,4.6563
Switzerland,CHE,2014,4.61582
Switzerland,CHE,2015,4.49895
Switzerland,CHE,2016,4.38326
Switzerland,CHE,2017,4.26822
Switzerland,CHE,2018,4.27016
Switzerland,CHE,2019,4.27016
Switzerland,CHE,2020,4.11564
Syria,SYR,1961,0
Syria,SYR,1962,0.01
Syria,SYR,1963,0
Syria,SYR,1964,0
Syria,SYR,1965,0
Syria,SYR,1966,0
Syria,SYR,1967,0
Syria,SYR,1968,0.45
Syria,SYR,1969,0.65
Syria,SYR,1970,0.36
Syria,SYR,1971,0.45
Syria,SYR,1972,0.38
Syria,SYR,1973,0.31
Syria,SYR,1974,0.72
Syria,SYR,1975,0.71
Syria,SYR,1976,0.93
Syria,SYR,1977,0.85
Syria,SYR,1978,0.79
Syria,SYR,1979,0.79
Syria,SYR,1980,0.76
Syria,SYR,1981,0.64
Syria,SYR,1982,0.73
Syria,SYR,1983,0.53
Syria,SYR,1984,0.64
Syria,SYR,1985,0.78
Syria,SYR,1986,0.83
Syria,SYR,1987,0.6
Syria,SYR,1988,0.67
Syria,SYR,1989,0.36
Syria,SYR,1990,0.37
Syria,SYR,1991,0.57
Syria,SYR,1992,0.68
Syria,SYR,1993,0.54
Syria,SYR,1994,0.55
Syria,SYR,1995,0.46
Syria,SYR,1996,0.65
Syria,SYR,1997,0.61
Syria,SYR,1998,0.79
Syria,SYR,1999,0.36
Syria,SYR,2000,0.00483
Syria,SYR,2001,0.00483
Syria,SYR,2002,0.00509
Syria,SYR,2003,0.00496
Syria,SYR,2004,0.00447
Syria,SYR,2005,0.00359
Syria,SYR,2006,0.00309
Syria,SYR,2007,0.00295
Syria,SYR,2008,0.00314
Syria,SYR,2009,0.00305
Syria,SYR,2010,0.00331
Syria,SYR,2011,0.00302
Syria,SYR,2012,0.00243
Syria,SYR,2013,0.00188
Syria,SYR,2014,0.00129
Syria,SYR,2015,0.00166
Syria,SYR,2016,0.0017
Syria,SYR,2017,0.00205
Syria,SYR,2018,0.00171
Syria,SYR,2019,0.00171
Syria,SYR,2020,0.00099
Tajikistan,TJK,1992,0.72
Tajikistan,TJK,1993,0.52
Tajikistan,TJK,1994,0.39
Tajikistan,TJK,1995,0.37
Tajikistan,TJK,1996,0.39
Tajikistan,TJK,1997,0.27
Tajikistan,TJK,1998,0.22
Tajikistan,TJK,1999,0.17
Tajikistan,TJK,2000,0.16107
Tajikistan,TJK,2001,0.16107
Tajikistan,TJK,2002,0.18609
Tajikistan,TJK,2003,0.18721
Tajikistan,TJK,2004,0.18297
Tajikistan,TJK,2005,0.15678
Tajikistan,TJK,2006,0.12271
Tajikistan,TJK,2007,0.08121
Tajikistan,TJK,2008,0.05365
Tajikistan,TJK,2009,0.03008
Tajikistan,TJK,2010,0.01587
Tajikistan,TJK,2011,0.00968
Tajikistan,TJK,2012,0.00946
Tajikistan,TJK,2013,0.00924
Tajikistan,TJK,2014,0.00978
Tajikistan,TJK,2015,0.01031
Tajikistan,TJK,2016,0.01014
Tajikistan,TJK,2017,0.01062
Tajikistan,TJK,2018,0.0111
Tajikistan,TJK,2019,0.0111
Tajikistan,TJK,2020,0.00802
Tanzania,TZA,1961,0.01
Tanzania,TZA,1962,0.01
Tanzania,TZA,1963,0.01
Tanzania,TZA,1964,0.01
Tanzania,TZA,1965,0.01
Tanzania,TZA,1966,0.01
Tanzania,TZA,1967,0.01
Tanzania,TZA,1968,0.01
Tanzania,TZA,1969,0.01
Tanzania,TZA,1970,0.02
Tanzania,TZA,1971,0
Tanzania,TZA,1972,0
Tanzania,TZA,1973,0.01
Tanzania,TZA,1974,0.01
Tanzania,TZA,1975,0
Tanzania,TZA,1976,0
Tanzania,TZA,1977,0
Tanzania,TZA,1978,0
Tanzania,TZA,1979,0
Tanzania,TZA,1980,0
Tanzania,TZA,1981,0
Tanzania,TZA,1982,0
Tanzania,TZA,1983,0
Tanzania,TZA,1984,0
Tanzania,TZA,1985,0
Tanzania,TZA,1986,0
Tanzania,TZA,1987,0
Tanzania,TZA,1988,0
Tanzania,TZA,1989,0
Tanzania,TZA,1990,0
Tanzania,TZA,1991,0
Tanzania,TZA,1992,0
Tanzania,TZA,1993,0
Tanzania,TZA,1994,0
Tanzania,TZA,1995,0.01
Tanzania,TZA,1996,0
Tanzania,TZA,1997,0.01
Tanzania,TZA,1998,0
Tanzania,TZA,1999,0
Tanzania,TZA,2000,0.00481
Tanzania,TZA,2001,0.00481
Tanzania,TZA,2002,0.00551
Tanzania,TZA,2003,0.00638
Tanzania,TZA,2004,0.00921
Tanzania,TZA,2005,0.01657
Tanzania,TZA,2006,0.0205
Tanzania,TZA,2007,0.02183
Tanzania,TZA,2008,0.01854
Tanzania,TZA,2009,0.01886
Tanzania,TZA,2010,0.01928
Tanzania,TZA,2011,0.02093
Tanzania,TZA,2012,0.02307
Tanzania,TZA,2013,0.02407
Tanzania,TZA,2014,0.02282
Tanzania,TZA,2015,0.02041
Tanzania,TZA,2016,0.01823
Tanzania,TZA,2017,0.01609
Tanzania,TZA,2018,0.01353
Tanzania,TZA,2019,0.01353
Tanzania,TZA,2020,0.01032
Thailand,THA,1961,0
Thailand,THA,1962,0
Thailand,THA,1963,0
Thailand,THA,1964,0
Thailand,THA,1965,0
Thailand,THA,1966,0
Thailand,THA,1967,0
Thailand,THA,1968,0
Thailand,THA,1969,0
Thailand,THA,1970,0
Thailand,THA,1971,0
Thailand,THA,1972,0
Thailand,THA,1973,0
Thailand,THA,1974,0
Thailand,THA,1975,0
Thailand,THA,1976,0
Thailand,THA,1977,0
Thailand,THA,1978,0
Thailand,THA,1979,0
Thailand,THA,1980,0
Thailand,THA,1981,0
Thailand,THA,1982,0
Thailand,THA,1983,0
Thailand,THA,1984,0
Thailand,THA,1985,0
Thailand,THA,1986,0
Thailand,THA,1987,0
Thailand,THA,1988,0
Thailand,THA,1989,0
Thailand,THA,1990,0
Thailand,THA,1991,0
Thailand,THA,1992,0
Thailand,THA,1993,0
Thailand,THA,1994,0.02
Thailand,THA,1995,0.01
Thailand,THA,1996,0.03
Thailand,THA,1997,0.01
Thailand,THA,1998,0.19
Thailand,THA,1999,0.01
Thailand,THA,2000,0.04
Thailand,THA,2001,0.04
Thailand,THA,2002,0.04667
Thailand,THA,2003,0.06333
Thailand,THA,2004,0.05
Thailand,THA,2005,0.03
Thailand,THA,2006,0.00333
Thailand,THA,2007,0.01667
Thailand,THA,2008,0.03667
Thailand,THA,2009,0.06
Thailand,THA,2010,0.07333
Thailand,THA,2011,0.09333
Thailand,THA,2012,0.11667
Thailand,THA,2013,0.13667
Thailand,THA,2014,0.14667
Thailand,THA,2015,0.15333
Thailand,THA,2016,0.15333
Thailand,THA,2017,0.15667
Thailand,THA,2018,0.16333
Thailand,THA,2019,0.16333
Thailand,THA,2020,0.14
Togo,TGO,1961,0.25
Togo,TGO,1962,0.29
Togo,TGO,1963,0.28
Togo,TGO,1964,0.37
Togo,TGO,1965,0.29
Togo,TGO,1966,0.29
Togo,TGO,1967,0.25
Togo,TGO,1968,0.29
Togo,TGO,1969,0.28
Togo,TGO,1970,0.24
Togo,TGO,1971,0.21
Togo,TGO,1972,0.21
Togo,TGO,1973,0.16
Togo,TGO,1974,0.17
Togo,TGO,1975,0.23
Togo,TGO,1976,0.21
Togo,TGO,1977,0.35
Togo,TGO,1978,0.22
Togo,TGO,1979,0.19
Togo,TGO,1980,0.3
Togo,TGO,1981,0.43
Togo,TGO,1982,0.51
Togo,TGO,1983,0.48
Togo,TGO,1984,0.26
Togo,TGO,1985,0.22
Togo,TGO,1986,0.17
Togo,TGO,1987,0.13
Togo,TGO,1988,0.15
Togo,TGO,1989,0.19
Togo,TGO,1990,0.13
Togo,TGO,1991,0.16
Togo,TGO,1992,0.15
Togo,TGO,1993,0.09
Togo,TGO,1994,0.16
Togo,TGO,1995,0.18
Togo,TGO,1996,0.14
Togo,TGO,1997,0.14
Togo,TGO,1998,0.11
Togo,TGO,1999,0.07
Togo,TGO,2000,0.09819
Togo,TGO,2001,0.09819
Togo,TGO,2002,0.12669
Togo,TGO,2003,0.16467
Togo,TGO,2004,0.20894
Togo,TGO,2005,0.25606
Togo,TGO,2006,0.29518
Togo,TGO,2007,0.31985
Togo,TGO,2008,0.29999
Togo,TGO,2009,0.24089
Togo,TGO,2010,0.19843
Togo,TGO,2011,0.19844
Togo,TGO,2012,0.21097
Togo,TGO,2013,0.20071
Togo,TGO,2014,0.17727
Togo,TGO,2015,0.15322
Togo,TGO,2016,0.10583
Togo,TGO,2017,0.05461
Togo,TGO,2018,0.01144
Togo,TGO,2019,0.01144
Togo,TGO,2020,0
Tonga,TON,1990,0.07
Tonga,TON,1991,0.08
Tonga,TON,1992,0.11
Tonga,TON,1993,0.1
Tonga,TON,1994,0.08
Tonga,TON,1995,0.1
Tonga,TON,1996,0.13
Tonga,TON,1997,0.15
Tonga,TON,1998,0.21
Tonga,TON,1999,0.22
Tonga,TON,2000,0.13193
Tonga,TON,2001,0.13193
Tonga,TON,2002,0.1304
Tonga,TON,2003,0.12943
Tonga,TON,2004,0.19358
Tonga,TON,2005,0.12873
Tonga,TON,2006,0.06415
Tonga,TON,2007,0.06223
Tonga,TON,2008,0.12394
Tonga,TON,2009,0.1854
Tonga,TON,2010,0.12317
Tonga,TON,2011,0.06146
Tonga,TON,2012,0
Tonga,TON,2013,0
Tonga,TON,2014,0.06241
Tonga,TON,2015,0.12433
Tonga,TON,2016,0.18539
Tonga,TON,2017,0.183
Tonga,TON,2018,0.18003
Tonga,TON,2019,0.18003
Tonga,TON,2020,0.17403
Trinidad and Tobago,TTO,1961,0.12
Trinidad and Tobago,TTO,1962,0.1
Trinidad and Tobago,TTO,1963,0.08
Trinidad and Tobago,TTO,1964,0.08
Trinidad and Tobago,TTO,1965,0.09
Trinidad and Tobago,TTO,1966,0.09
Trinidad and Tobago,TTO,1967,0.07
Trinidad and Tobago,TTO,1968,0.06
Trinidad and Tobago,TTO,1969,0.08
Trinidad and Tobago,TTO,1970,0.12
Trinidad and Tobago,TTO,1971,0.15
Trinidad and Tobago,TTO,1972,0.14
Trinidad and Tobago,TTO,1973,0.11
Trinidad and Tobago,TTO,1974,0.1
Trinidad and Tobago,TTO,1975,0.1
Trinidad and Tobago,TTO,1976,0.09
Trinidad and Tobago,TTO,1977,0.11
Trinidad and Tobago,TTO,1978,0.13
Trinidad and Tobago,TTO,1979,0.28
Trinidad and Tobago,TTO,1980,0.49
Trinidad and Tobago,TTO,1981,0.47
Trinidad and Tobago,TTO,1982,0.38
Trinidad and Tobago,TTO,1983,0.37
Trinidad and Tobago,TTO,1984,0.13
Trinidad and Tobago,TTO,1985,0.16
Trinidad and Tobago,TTO,1986,0.13
Trinidad and Tobago,TTO,1987,0.06
Trinidad and Tobago,TTO,1988,0.09
Trinidad and Tobago,TTO,1989,0.08
Trinidad and Tobago,TTO,1990,0.1
Trinidad and Tobago,TTO,1991,0.11
Trinidad and Tobago,TTO,1992,0.07
Trinidad and Tobago,TTO,1993,0.04
Trinidad and Tobago,TTO,1994,0.05
Trinidad and Tobago,TTO,1995,0.06
Trinidad and Tobago,TTO,1996,0.07
Trinidad and Tobago,TTO,1997,0.05
Trinidad and Tobago,TTO,1998,0.1
Trinidad and Tobago,TTO,1999,0.14
Trinidad and Tobago,TTO,2000,0.08767
Trinidad and Tobago,TTO,2001,0.08767
Trinidad and Tobago,TTO,2002,0.09442
Trinidad and Tobago,TTO,2003,0.10116
Trinidad and Tobago,TTO,2004,0.10793
Trinidad and Tobago,TTO,2005,0.10668
Trinidad and Tobago,TTO,2006,0.11726
Trinidad and Tobago,TTO,2007,0.12021
Trinidad and Tobago,TTO,2008,0.12325
Trinidad and Tobago,TTO,2009,0.11091
Trinidad and Tobago,TTO,2010,0.10639
Trinidad and Tobago,TTO,2011,0.1094
Trinidad and Tobago,TTO,2012,0.13109
Trinidad and Tobago,TTO,2013,0.17488
Trinidad and Tobago,TTO,2014,0.23667
Trinidad and Tobago,TTO,2015,0.26127
Trinidad and Tobago,TTO,2016,0.22716
Trinidad and Tobago,TTO,2017,0.16029
Trinidad and Tobago,TTO,2018,0.11577
Trinidad and Tobago,TTO,2019,0.11577
Trinidad and Tobago,TTO,2020,0.11799
Tunisia,TUN,1961,1.19
Tunisia,TUN,1962,1.42
Tunisia,TUN,1963,0.62
Tunisia,TUN,1964,0.99
Tunisia,TUN,1965,1.32
Tunisia,TUN,1966,1.53
Tunisia,TUN,1967,1.53
Tunisia,TUN,1968,0.66
Tunisia,TUN,1969,0.77
Tunisia,TUN,1970,0.6
Tunisia,TUN,1971,0.66
Tunisia,TUN,1972,0.62
Tunisia,TUN,1973,0.64
Tunisia,TUN,1974,0.62
Tunisia,TUN,1975,0.67
Tunisia,TUN,1976,0.81
Tunisia,TUN,1977,0.81
Tunisia,TUN,1978,0.67
Tunisia,TUN,1979,0.48
Tunisia,TUN,1980,0.59
Tunisia,TUN,1981,0.57
Tunisia,TUN,1982,0.57
Tunisia,TUN,1983,0.58
Tunisia,TUN,1984,0.59
Tunisia,TUN,1985,0.58
Tunisia,TUN,1986,0.58
Tunisia,TUN,1987,0.57
Tunisia,TUN,1988,0.55
Tunisia,TUN,1989,0.44
Tunisia,TUN,1990,0.38
Tunisia,TUN,1991,0.38
Tunisia,TUN,1992,0.45
Tunisia,TUN,1993,0.41
Tunisia,TUN,1994,0.45
Tunisia,TUN,1995,0.4
Tunisia,TUN,1996,0.41
Tunisia,TUN,1997,0.44
Tunisia,TUN,1998,0.43
Tunisia,TUN,1999,0.42
Tunisia,TUN,2000,0.36345
Tunisia,TUN,2001,0.36345
Tunisia,TUN,2002,0.36136
Tunisia,TUN,2003,0.34929
Tunisia,TUN,2004,0.34738
Tunisia,TUN,2005,0.35362
Tunisia,TUN,2006,0.30199
Tunisia,TUN,2007,0.28685
Tunisia,TUN,2008,0.25602
Tunisia,TUN,2009,0.2782
Tunisia,TUN,2010,0.27643
Tunisia,TUN,2011,0.30557
Tunisia,TUN,2012,0.34855
Tunisia,TUN,2013,0.40023
Tunisia,TUN,2014,0.42073
Tunisia,TUN,2015,0.43385
Tunisia,TUN,2016,0.42676
Tunisia,TUN,2017,0.42264
Tunisia,TUN,2018,0.42189
Tunisia,TUN,2019,0.42189
Tunisia,TUN,2020,0.42647
Turkey,TUR,1961,0.2
Turkey,TUR,1962,0.23
Turkey,TUR,1963,0.15
Turkey,TUR,1964,0.17
Turkey,TUR,1965,0.17
Turkey,TUR,1966,0.15
Turkey,TUR,1967,0.15
Turkey,TUR,1968,0.17
Turkey,TUR,1969,0.17
Turkey,TUR,1970,0.17
Turkey,TUR,1971,0.17
Turkey,TUR,1972,0.15
Turkey,TUR,1973,0.13
Turkey,TUR,1974,0.11
Turkey,TUR,1975,0.11
Turkey,TUR,1976,0.07
Turkey,TUR,1977,0.07
Turkey,TUR,1978,0.09
Turkey,TUR,1979,0.11
Turkey,TUR,1980,0.11
Turkey,TUR,1981,0.15
Turkey,TUR,1982,0.07
Turkey,TUR,1983,0.05
Turkey,TUR,1984,0.07
Turkey,TUR,1985,0.18
Turkey,TUR,1986,0.07
Turkey,TUR,1987,0.09
Turkey,TUR,1988,0.07
Turkey,TUR,1989,0.07
Turkey,TUR,1990,0.07
Turkey,TUR,1991,0.08
Turkey,TUR,1992,0.1
Turkey,TUR,1993,0.12
Turkey,TUR,1994,0.1
Turkey,TUR,1995,0.08
Turkey,TUR,1996,0.1
Turkey,TUR,1997,0.11
Turkey,TUR,1998,0.11
Turkey,TUR,1999,0.11
Turkey,TUR,2000,0.05281
Turkey,TUR,2001,0.05281
Turkey,TUR,2002,0.04971
Turkey,TUR,2003,0.04594
Turkey,TUR,2004,0.05035
Turkey,TUR,2005,0.05318
Turkey,TUR,2006,0.05375
Turkey,TUR,2007,0.06197
Turkey,TUR,2008,0.07884
Turkey,TUR,2009,0.10608
Turkey,TUR,2010,0.12058
Turkey,TUR,2011,0.12771
Turkey,TUR,2012,0.12811
Turkey,TUR,2013,0.12918
Turkey,TUR,2014,0.13189
Turkey,TUR,2015,0.12315
Turkey,TUR,2016,0.12661
Turkey,TUR,2017,0.13836
Turkey,TUR,2018,0.15614
Turkey,TUR,2019,0.15614
Turkey,TUR,2020,0.14522
Turkmenistan,TKM,1992,0.42
Turkmenistan,TKM,1993,0.4
Turkmenistan,TKM,1994,1.29
Turkmenistan,TKM,1995,1.04
Turkmenistan,TKM,1996,1.3
Turkmenistan,TKM,1997,1.62
Turkmenistan,TKM,1998,1.36
Turkmenistan,TKM,1999,1.52
Turkmenistan,TKM,2000,1.15967
Turkmenistan,TKM,2001,1.15967
Turkmenistan,TKM,2002,0.97574
Turkmenistan,TKM,2003,0.96137
Turkmenistan,TKM,2004,0.94418
Turkmenistan,TKM,2005,0.89518
Turkmenistan,TKM,2006,0.81036
Turkmenistan,TKM,2007,0.7233
Turkmenistan,TKM,2008,0.6452
Turkmenistan,TKM,2009,0.85758
Turkmenistan,TKM,2010,1.06394
Turkmenistan,TKM,2011,1.29155
Turkmenistan,TKM,2012,1.26433
Turkmenistan,TKM,2013,1.24269
Turkmenistan,TKM,2014,1.21741
Turkmenistan,TKM,2015,1.19493
Turkmenistan,TKM,2016,1.17608
Turkmenistan,TKM,2017,1.16475
Turkmenistan,TKM,2018,1.15169
Turkmenistan,TKM,2019,1.15169
Turkmenistan,TKM,2020,1.12121
Tuvalu,TUV,1990,0
Tuvalu,TUV,1991,0
Tuvalu,TUV,1992,0
Tuvalu,TUV,1993,0.14
Tuvalu,TUV,1994,0
Tuvalu,TUV,1995,0.02
Tuvalu,TUV,1996,0
Tuvalu,TUV,1997,0.02
Tuvalu,TUV,1998,0.11
Tuvalu,TUV,1999,0.04
Tuvalu,TUV,2000,0.12137
Tuvalu,TUV,2001,0.12137
Tuvalu,TUV,2002,0.09829
Tuvalu,TUV,2003,0.1406
Tuvalu,TUV,2004,0.1105
Tuvalu,TUV,2005,0.09881
Tuvalu,TUV,2006,0.03382
Tuvalu,TUV,2007,0.08158
Tuvalu,TUV,2008,0.23907
Tuvalu,TUV,2009,0.3908
Tuvalu,TUV,2010,0.71473
Tuvalu,TUV,2011,1.13048
Tuvalu,TUV,2012,1.39933
Tuvalu,TUV,2013,1.55124
Tuvalu,TUV,2014,1.3625
Tuvalu,TUV,2015,1.16888
Tuvalu,TUV,2016,0.87231
Tuvalu,TUV,2017,0.70763
Tuvalu,TUV,2018,0.68837
Tuvalu,TUV,2019,0.68837
Tuvalu,TUV,2020,0.67039
Uganda,UGA,1961,0.01
Uganda,UGA,1962,0.01
Uganda,UGA,1963,0.01
Uganda,UGA,1964,0.01
Uganda,UGA,1965,0.01
Uganda,UGA,1966,0.01
Uganda,UGA,1967,0.01
Uganda,UGA,1968,0.01
Uganda,UGA,1969,0.01
Uganda,UGA,1970,0.01
Uganda,UGA,1971,0.01
Uganda,UGA,1972,0
Uganda,UGA,1973,0
Uganda,UGA,1974,0
Uganda,UGA,1975,0
Uganda,UGA,1976,0
Uganda,UGA,1977,0
Uganda,UGA,1978,0
Uganda,UGA,1979,0
Uganda,UGA,1980,0
Uganda,UGA,1981,0
Uganda,UGA,1982,0
Uganda,UGA,1983,0
Uganda,UGA,1984,0
Uganda,UGA,1985,0
Uganda,UGA,1986,0
Uganda,UGA,1987,0
Uganda,UGA,1988,0
Uganda,UGA,1989,0
Uganda,UGA,1990,0
Uganda,UGA,1991,0
Uganda,UGA,1992,0
Uganda,UGA,1993,0
Uganda,UGA,1994,0
Uganda,UGA,1995,0
Uganda,UGA,1996,0
Uganda,UGA,1997,0
Uganda,UGA,1998,0
Uganda,UGA,1999,0
Uganda,UGA,2000,0.00098
Uganda,UGA,2001,0.00098
Uganda,UGA,2002,0.00156
Uganda,UGA,2003,0.00213
Uganda,UGA,2004,0.00238
Uganda,UGA,2005,0.00202
Uganda,UGA,2006,0.00194
Uganda,UGA,2007,0.00396
Uganda,UGA,2008,0.00491
Uganda,UGA,2009,0.00677
Uganda,UGA,2010,0.00768
Uganda,UGA,2011,0.00934
Uganda,UGA,2012,0.01124
Uganda,UGA,2013,0.01213
Uganda,UGA,2014,0.01339
Uganda,UGA,2015,0.01326
Uganda,UGA,2016,0.0131
Uganda,UGA,2017,0.01362
Uganda,UGA,2018,0.0129
Uganda,UGA,2019,0.0129
Uganda,UGA,2020,0.00632
Ukraine,UKR,1975,2.39
Ukraine,UKR,1980,2.44
Ukraine,UKR,1981,2.45
Ukraine,UKR,1982,2.35
Ukraine,UKR,1983,2.26
Ukraine,UKR,1984,2.19
Ukraine,UKR,1985,1.81
Ukraine,UKR,1986,1.01
Ukraine,UKR,1987,0.9
Ukraine,UKR,1988,0.94
Ukraine,UKR,1989,0.99
Ukraine,UKR,1990,0.81
Ukraine,UKR,1991,0.83
Ukraine,UKR,1992,0.57
Ukraine,UKR,1993,0.45
Ukraine,UKR,1994,0.13
Ukraine,UKR,1995,0.3
Ukraine,UKR,1996,0.35
Ukraine,UKR,1997,0.38
Ukraine,UKR,1998,0.42
Ukraine,UKR,1999,0.37
Ukraine,UKR,2000,0.42762
Ukraine,UKR,2001,0.42762
Ukraine,UKR,2002,0.48562
Ukraine,UKR,2003,0.52806
Ukraine,UKR,2004,0.47765
Ukraine,UKR,2005,0.44092
Ukraine,UKR,2006,0.42087
Ukraine,UKR,2007,0.45236
Ukraine,UKR,2008,0.47418
Ukraine,UKR,2009,0.47602
Ukraine,UKR,2010,0.45802
Ukraine,UKR,2011,0.43481
Ukraine,UKR,2012,0.42386
Ukraine,UKR,2013,0.39691
Ukraine,UKR,2014,0.36316
Ukraine,UKR,2015,0.32584
Ukraine,UKR,2016,0.30447
Ukraine,UKR,2017,0.30351
Ukraine,UKR,2018,0.30545
Ukraine,UKR,2019,0.30545
Ukraine,UKR,2020,0.36783
United Arab Emirates,ARE,1972,0
United Arab Emirates,ARE,1973,0
United Arab Emirates,ARE,1974,0.09
United Arab Emirates,ARE,1975,0.15
United Arab Emirates,ARE,1976,0.09
United Arab Emirates,ARE,1977,0.12
United Arab Emirates,ARE,1978,0.1
United Arab Emirates,ARE,1979,0.29
United Arab Emirates,ARE,1980,0.17
United Arab Emirates,ARE,1981,0.26
United Arab Emirates,ARE,1982,0.16
United Arab Emirates,ARE,1983,0.16
United Arab Emirates,ARE,1984,0.15
United Arab Emirates,ARE,1985,0.21
United Arab Emirates,ARE,1986,0.13
United Arab Emirates,ARE,1987,0.21
United Arab Emirates,ARE,1988,0.13
United Arab Emirates,ARE,1989,0.11
United Arab Emirates,ARE,1990,0.1
United Arab Emirates,ARE,1991,0.1
United Arab Emirates,ARE,1992,0.14
United Arab Emirates,ARE,1993,0.18
United Arab Emirates,ARE,1994,0.16
United Arab Emirates,ARE,1995,0.11
United Arab Emirates,ARE,1996,0.17
United Arab Emirates,ARE,1997,0.24
United Arab Emirates,ARE,1998,0.21
United Arab Emirates,ARE,1999,0.22
United Arab Emirates,ARE,2000,0.10737
United Arab Emirates,ARE,2001,0.10737
United Arab Emirates,ARE,2002,0.11343
United Arab Emirates,ARE,2003,0.12217
United Arab Emirates,ARE,2004,0.12817
United Arab Emirates,ARE,2005,0.12778
United Arab Emirates,ARE,2006,0.12247
United Arab Emirates,ARE,2007,0.12086
United Arab Emirates,ARE,2008,0.11801
United Arab Emirates,ARE,2009,0.11661
United Arab Emirates,ARE,2010,0.11228
United Arab Emirates,ARE,2011,0.11384
United Arab Emirates,ARE,2012,0.11852
United Arab Emirates,ARE,2013,0.12775
United Arab Emirates,ARE,2014,0.13673
United Arab Emirates,ARE,2015,0.14471
United Arab Emirates,ARE,2016,0.14822
United Arab Emirates,ARE,2017,0.14944
United Arab Emirates,ARE,2018,0.14676
United Arab Emirates,ARE,2019,0.14676
United Arab Emirates,ARE,2020,0.12577
United Kingdom,GBR,1961,0.28
United Kingdom,GBR,1962,0.29
United Kingdom,GBR,1963,0.3
United Kingdom,GBR,1964,0.34
United Kingdom,GBR,1965,0.32
United Kingdom,GBR,1966,0.34
United Kingdom,GBR,1967,0.37
United Kingdom,GBR,1968,0.42
United Kingdom,GBR,1969,0.41
United Kingdom,GBR,1970,0.42
United Kingdom,GBR,1971,0.51
United Kingdom,GBR,1972,0.59
United Kingdom,GBR,1973,0.75
United Kingdom,GBR,1974,0.76
United Kingdom,GBR,1975,0.75
United Kingdom,GBR,1976,0.83
United Kingdom,GBR,1977,0.77
United Kingdom,GBR,1978,0.92
United Kingdom,GBR,1979,0.99
United Kingdom,GBR,1980,0.99
United Kingdom,GBR,1981,1.06
United Kingdom,GBR,1982,1.07
United Kingdom,GBR,1983,1.16
United Kingdom,GBR,1984,1.31
United Kingdom,GBR,1985,1.36
United Kingdom,GBR,1986,1.41
United Kingdom,GBR,1987,1.65
United Kingdom,GBR,1988,1.72
United Kingdom,GBR,1989,1.78
United Kingdom,GBR,1990,1.8
United Kingdom,GBR,1991,1.81
United Kingdom,GBR,1992,1.81
United Kingdom,GBR,1993,1.87
United Kingdom,GBR,1994,1.96
United Kingdom,GBR,1995,2.03
United Kingdom,GBR,1996,2.09
United Kingdom,GBR,1997,2.29
United Kingdom,GBR,1998,2.4
United Kingdom,GBR,1999,2.48
United Kingdom,GBR,2000,3.37736
United Kingdom,GBR,2001,3.37736
United Kingdom,GBR,2002,3.30993
United Kingdom,GBR,2003,3.21773
United Kingdom,GBR,2004,3.26495
United Kingdom,GBR,2005,3.32997
United Kingdom,GBR,2006,3.39009
United Kingdom,GBR,2007,3.38293
United Kingdom,GBR,2008,3.35699
United Kingdom,GBR,2009,3.26273
United Kingdom,GBR,2010,3.20147
United Kingdom,GBR,2011,3.21582
United Kingdom,GBR,2012,3.22771
United Kingdom,GBR,2013,3.25011
United Kingdom,GBR,2014,3.30251
United Kingdom,GBR,2015,3.35997
United Kingdom,GBR,2016,3.43073
United Kingdom,GBR,2017,3.44401
United Kingdom,GBR,2018,3.4006
United Kingdom,GBR,2019,3.4006
United Kingdom,GBR,2020,3.54835
United States,USA,1960,0.83
United States,USA,1961,0.87
United States,USA,1962,0.83
United States,USA,1963,0.87
United States,USA,1964,0.91
United States,USA,1965,0.91
United States,USA,1966,0.91
United States,USA,1967,0.95
United States,USA,1968,0.98
United States,USA,1969,0.98
United States,USA,1970,1.02
United States,USA,1971,1.17
United States,USA,1972,1.14
United States,USA,1973,1.17
United States,USA,1974,1.17
United States,USA,1975,1.21
United States,USA,1976,1.21
United States,USA,1977,1.1
United States,USA,1978,1.17
United States,USA,1979,1.21
United States,USA,1980,1.29
United States,USA,1981,1.32
United States,USA,1982,1.36
United States,USA,1983,1.36
United States,USA,1984,1.4
United States,USA,1985,1.44
United States,USA,1986,1.48
United States,USA,1987,1.44
United States,USA,1988,1.36
United States,USA,1989,1.29
United States,USA,1990,1.25
United States,USA,1991,1.14
United States,USA,1992,1.14
United States,USA,1993,1.06
United States,USA,1994,1.06
United States,USA,1995,1.1
United States,USA,1996,1.14
United States,USA,1997,1.14
United States,USA,1998,1.14
United States,USA,1999,1.17
United States,USA,2000,1.19858
United States,USA,2001,1.19858
United States,USA,2002,1.23643
United States,USA,2003,1.2869
United States,USA,2004,1.32475
United States,USA,2005,1.3626
United States,USA,2006,1.40045
United States,USA,2007,1.42568
United States,USA,2008,1.45092
United States,USA,2009,1.45482
United States,USA,2010,1.49205
United States,USA,2011,1.53333
United States,USA,2012,1.58
United States,USA,2013,1.60585
United States,USA,2014,1.60242
United States,USA,2015,1.61493
United States,USA,2016,1.61493
United States,USA,2017,1.62755
United States,USA,2018,1.62755
United States,USA,2019,1.62755
United States,USA,2020,1.67
Uruguay,URY,1961,5.68
Uruguay,URY,1962,5.25
Uruguay,URY,1963,4.91
Uruguay,URY,1964,4.77
Uruguay,URY,1965,4.97
Uruguay,URY,1966,4.97
Uruguay,URY,1967,4.08
Uruguay,URY,1968,4.07
Uruguay,URY,1969,4.23
Uruguay,URY,1970,4.22
Uruguay,URY,1971,4.21
Uruguay,URY,1972,4.04
Uruguay,URY,1973,4.09
Uruguay,URY,1974,4.04
Uruguay,URY,1975,4.02
Uruguay,URY,1976,4
Uruguay,URY,1977,3.99
Uruguay,URY,1978,3.97
Uruguay,URY,1979,3.96
Uruguay,URY,1980,3.75
Uruguay,URY,1981,4.25
Uruguay,URY,1982,4.43
Uruguay,URY,1983,4.81
Uruguay,URY,1984,4.42
Uruguay,URY,1985,3.65
Uruguay,URY,1986,3.3
Uruguay,URY,1987,3.85
Uruguay,URY,1988,3.73
Uruguay,URY,1989,3.72
Uruguay,URY,1990,3.71
Uruguay,URY,1991,3.76
Uruguay,URY,1992,3.75
Uruguay,URY,1993,3.97
Uruguay,URY,1994,4.56
Uruguay,URY,1995,4.35
Uruguay,URY,1996,4.39
Uruguay,URY,1997,4.48
Uruguay,URY,1998,4.44
Uruguay,URY,1999,4.66
Uruguay,URY,2000,4.59086
Uruguay,URY,2001,4.59086
Uruguay,URY,2002,4.24661
Uruguay,URY,2003,4.00728
Uruguay,URY,2004,3.9335
Uruguay,URY,2005,3.98931
Uruguay,URY,2006,3.88036
Uruguay,URY,2007,3.62639
Uruguay,URY,2008,3.51063
Uruguay,URY,2009,3.44627
Uruguay,URY,2010,3.4522
Uruguay,URY,2011,3.08944
Uruguay,URY,2012,2.84572
Uruguay,URY,2013,2.7327
Uruguay,URY,2014,2.88592
Uruguay,URY,2015,2.91152
Uruguay,URY,2016,2.80749
Uruguay,URY,2017,2.55415
Uruguay,URY,2018,2.48945
Uruguay,URY,2019,2.48945
Uruguay,URY,2020,2.90019
Uzbekistan,UZB,1992,0.6
Uzbekistan,UZB,1993,0.47
Uzbekistan,UZB,1994,0.42
Uzbekistan,UZB,1995,0.72
Uzbekistan,UZB,1996,0.41
Uzbekistan,UZB,1997,0.52
Uzbekistan,UZB,1998,0.49
Uzbekistan,UZB,1999,0.47
Uzbekistan,UZB,2000,0.28444
Uzbekistan,UZB,2001,0.28444
Uzbekistan,UZB,2002,0.29143
Uzbekistan,UZB,2003,0.26565
Uzbekistan,UZB,2004,0.23999
Uzbekistan,UZB,2005,0.18135
Uzbekistan,UZB,2006,0.15198
Uzbekistan,UZB,2007,0.14705
Uzbekistan,UZB,2008,0.13457
Uzbekistan,UZB,2009,0.1132
Uzbekistan,UZB,2010,0.09651
Uzbekistan,UZB,2011,0.09636
Uzbekistan,UZB,2012,0.10786
Uzbekistan,UZB,2013,0.11784
Uzbekistan,UZB,2014,0.11279
Uzbekistan,UZB,2015,0.0985
Uzbekistan,UZB,2016,0.0894
Uzbekistan,UZB,2017,0.08442
Uzbekistan,UZB,2018,0.08495
Uzbekistan,UZB,2019,0.08495
Uzbekistan,UZB,2020,0.05411
Vanuatu,VUT,1961,2.28
Vanuatu,VUT,1962,2.99
Vanuatu,VUT,1963,2.98
Vanuatu,VUT,1964,1.9
Vanuatu,VUT,1965,2.92
Vanuatu,VUT,1966,2.46
Vanuatu,VUT,1967,3.18
Vanuatu,VUT,1968,2.87
Vanuatu,VUT,1969,2.05
Vanuatu,VUT,1970,1.58
Vanuatu,VUT,1971,1.26
Vanuatu,VUT,1972,1.04
Vanuatu,VUT,1973,1.51
Vanuatu,VUT,1974,1.46
Vanuatu,VUT,1975,0.58
Vanuatu,VUT,1976,0.62
Vanuatu,VUT,1977,0.65
Vanuatu,VUT,1978,0.68
Vanuatu,VUT,1979,0.67
Vanuatu,VUT,1980,0.69
Vanuatu,VUT,1981,0.68
Vanuatu,VUT,1982,0.83
Vanuatu,VUT,1983,0.78
Vanuatu,VUT,1984,0.88
Vanuatu,VUT,1985,0.9
Vanuatu,VUT,1986,0.64
Vanuatu,VUT,1987,0.58
Vanuatu,VUT,1988,0.53
Vanuatu,VUT,1989,0.55
Vanuatu,VUT,1990,0.35
Vanuatu,VUT,1991,0.5
Vanuatu,VUT,1992,0.41
Vanuatu,VUT,1993,0.36
Vanuatu,VUT,1994,0.81
Vanuatu,VUT,1995,0.69
Vanuatu,VUT,1996,0.43
Vanuatu,VUT,1997,0.61
Vanuatu,VUT,1998,0.6
Vanuatu,VUT,1999,0.48
Vanuatu,VUT,2000,0.17947
Vanuatu,VUT,2001,0.17947
Vanuatu,VUT,2002,0.17293
Vanuatu,VUT,2003,0.20232
Vanuatu,VUT,2004,0.19608
Vanuatu,VUT,2005,0.18992
Vanuatu,VUT,2006,0.18407
Vanuatu,VUT,2007,0.1786
Vanuatu,VUT,2008,0.2583
Vanuatu,VUT,2009,0.33588
Vanuatu,VUT,2010,0.38507
Vanuatu,VUT,2011,0.34831
Vanuatu,VUT,2012,0.28729
Vanuatu,VUT,2013,0.27913
Vanuatu,VUT,2014,0.2718
Vanuatu,VUT,2015,0.31338
Vanuatu,VUT,2016,0.35195
Vanuatu,VUT,2017,0.3892
Vanuatu,VUT,2018,0.40218
Vanuatu,VUT,2019,0.40218
Vanuatu,VUT,2020,0.3806
Venezuela,VEN,1961,0.03
Venezuela,VEN,1962,0.05
Venezuela,VEN,1963,0.05
Venezuela,VEN,1964,0.06
Venezuela,VEN,1965,0.08
Venezuela,VEN,1966,0.1
Venezuela,VEN,1967,0.1
Venezuela,VEN,1968,0.13
Venezuela,VEN,1969,0.09
Venezuela,VEN,1970,0.13
Venezuela,VEN,1971,0.11
Venezuela,VEN,1972,0.13
Venezuela,VEN,1973,0.11
Venezuela,VEN,1974,0.15
Venezuela,VEN,1975,0.2
Venezuela,VEN,1976,0.3
Venezuela,VEN,1977,0.33
Venezuela,VEN,1978,0.39
Venezuela,VEN,1979,0.23
Venezuela,VEN,1980,0.33
Venezuela,VEN,1981,0.32
Venezuela,VEN,1982,0.27
Venezuela,VEN,1983,0.12
Venezuela,VEN,1984,0.12
Venezuela,VEN,1985,0.14
Venezuela,VEN,1986,0.13
Venezuela,VEN,1987,0.14
Venezuela,VEN,1988,0.11
Venezuela,VEN,1989,0.08
Venezuela,VEN,1990,0.12
Venezuela,VEN,1991,0.12
Venezuela,VEN,1992,0.1
Venezuela,VEN,1993,0.09
Venezuela,VEN,1994,0.05
Venezuela,VEN,1995,0.05
Venezuela,VEN,1996,0.05
Venezuela,VEN,1997,0.05
Venezuela,VEN,1998,0.02
Venezuela,VEN,1999,0.02
Venezuela,VEN,2000,0.11535
Venezuela,VEN,2001,0.11535
Venezuela,VEN,2002,0.19908
Venezuela,VEN,2003,0.17879
Venezuela,VEN,2004,0.18649
Venezuela,VEN,2005,0.1143
Venezuela,VEN,2006,0.14289
Venezuela,VEN,2007,0.16173
Venezuela,VEN,2008,0.15041
Venezuela,VEN,2009,0.12875
Venezuela,VEN,2010,0.11003
Venezuela,VEN,2011,0.10926
Venezuela,VEN,2012,0.10441
Venezuela,VEN,2013,0.08908
Venezuela,VEN,2014,0.06051
Venezuela,VEN,2015,0.03394
Venezuela,VEN,2016,0.01978
Venezuela,VEN,2017,0.01342
Venezuela,VEN,2018,0.01376
Venezuela,VEN,2019,0.01376
Venezuela,VEN,2020,0.01392
Vietnam,VNM,1961,0
Vietnam,VNM,1962,0
Vietnam,VNM,1963,0
Vietnam,VNM,1964,0
Vietnam,VNM,1965,0
Vietnam,VNM,1966,0
Vietnam,VNM,1967,0
Vietnam,VNM,1968,0
Vietnam,VNM,1969,0
Vietnam,VNM,1970,0
Vietnam,VNM,1971,0
Vietnam,VNM,1972,0
Vietnam,VNM,1973,0
Vietnam,VNM,1974,0
Vietnam,VNM,1975,0
Vietnam,VNM,1976,0
Vietnam,VNM,1977,0
Vietnam,VNM,1978,0
Vietnam,VNM,1979,0
Vietnam,VNM,1980,0
Vietnam,VNM,1981,0
Vietnam,VNM,1982,0
Vietnam,VNM,1983,0
Vietnam,VNM,1984,0
Vietnam,VNM,1985,0
Vietnam,VNM,1986,0
Vietnam,VNM,1987,0
Vietnam,VNM,1988,0
Vietnam,VNM,1989,0
Vietnam,VNM,1990,0
Vietnam,VNM,1991,0
Vietnam,VNM,1992,0
Vietnam,VNM,1993,0
Vietnam,VNM,1994,0
Vietnam,VNM,1995,0
Vietnam,VNM,1996,0
Vietnam,VNM,1997,0
Vietnam,VNM,1998,0
Vietnam,VNM,1999,0
Vietnam,VNM,2000,0.00761
Vietnam,VNM,2001,0.00761
Vietnam,VNM,2002,0.00613
Vietnam,VNM,2003,0.00714
Vietnam,VNM,2004,0.0088
Vietnam,VNM,2005,0.01033
Vietnam,VNM,2006,0.01242
Vietnam,VNM,2007,0.01351
Vietnam,VNM,2008,0.01505
Vietnam,VNM,2009,0.01596
Vietnam,VNM,2010,0.01868
Vietnam,VNM,2011,0.02002
Vietnam,VNM,2012,0.02064
Vietnam,VNM,2013,0.02022
Vietnam,VNM,2014,0.0204
Vietnam,VNM,2015,0.02058
Vietnam,VNM,2016,0.02065
Vietnam,VNM,2017,0.02068
Vietnam,VNM,2018,0.02027
Vietnam,VNM,2019,0.02027
Vietnam,VNM,2020,0.01926
Yemen,YEM,1961,0
Yemen,YEM,1962,0
Yemen,YEM,1963,0
Yemen,YEM,1964,0
Yemen,YEM,1965,0
Yemen,YEM,1966,0
Yemen,YEM,1967,0
Yemen,YEM,1968,0
Yemen,YEM,1969,0
Yemen,YEM,1970,0
Yemen,YEM,1971,0
Yemen,YEM,1972,0
Yemen,YEM,1973,0
Yemen,YEM,1974,0
Yemen,YEM,1975,0
Yemen,YEM,1976,0
Yemen,YEM,1977,0
Yemen,YEM,1978,0
Yemen,YEM,1979,0
Yemen,YEM,1980,0
Yemen,YEM,1981,0
Yemen,YEM,1982,0
Yemen,YEM,1983,0
Yemen,YEM,1984,0
Yemen,YEM,1985,0
Yemen,YEM,1986,0
Yemen,YEM,1987,0
Yemen,YEM,1988,0
Yemen,YEM,1989,0
Yemen,YEM,1990,0
Yemen,YEM,1991,0
Yemen,YEM,1992,0
Yemen,YEM,1993,0
Yemen,YEM,1994,0
Yemen,YEM,1995,0
Yemen,YEM,1996,0
Yemen,YEM,1997,0
Yemen,YEM,1998,0
Yemen,YEM,1999,0
Yemen,YEM,2000,0
Yemen,YEM,2001,0
Yemen,YEM,2002,0
Yemen,YEM,2003,0
Yemen,YEM,2004,0
Yemen,YEM,2005,0
Yemen,YEM,2006,0
Yemen,YEM,2007,0
Yemen,YEM,2008,0
Yemen,YEM,2009,0
Yemen,YEM,2010,0
Yemen,YEM,2011,0
Yemen,YEM,2012,0
Yemen,YEM,2013,0
Yemen,YEM,2014,0
Yemen,YEM,2015,0
Yemen,YEM,2016,0
Yemen,YEM,2017,0
Yemen,YEM,2018,0
Yemen,YEM,2019,0
Yemen,YEM,2020,0
Zambia,ZMB,1961,0.02
Zambia,ZMB,1962,0.02
Zambia,ZMB,1963,0.02
Zambia,ZMB,1964,0.02
Zambia,ZMB,1965,0.02
Zambia,ZMB,1966,0.02
Zambia,ZMB,1967,0.04
Zambia,ZMB,1968,0.03
Zambia,ZMB,1969,0.03
Zambia,ZMB,1970,0.04
Zambia,ZMB,1971,0.03
Zambia,ZMB,1972,0.03
Zambia,ZMB,1973,0.02
Zambia,ZMB,1974,0.03
Zambia,ZMB,1975,0.03
Zambia,ZMB,1976,0.02
Zambia,ZMB,1977,0.01
Zambia,ZMB,1978,0.01
Zambia,ZMB,1979,0.01
Zambia,ZMB,1980,0.01
Zambia,ZMB,1981,0.01
Zambia,ZMB,1982,0.01
Zambia,ZMB,1983,0.01
Zambia,ZMB,1984,0.01
Zambia,ZMB,1985,0.05
Zambia,ZMB,1986,0.01
Zambia,ZMB,1987,0.01
Zambia,ZMB,1988,0
Zambia,ZMB,1989,0
Zambia,ZMB,1990,0.01
Zambia,ZMB,1991,0.01
Zambia,ZMB,1992,0.01
Zambia,ZMB,1993,0.01
Zambia,ZMB,1994,0
Zambia,ZMB,1995,0
Zambia,ZMB,1996,0.01
Zambia,ZMB,1997,0.01
Zambia,ZMB,1998,0.01
Zambia,ZMB,1999,0.01
Zambia,ZMB,2000,0.00632
Zambia,ZMB,2001,0.00632
Zambia,ZMB,2002,0.00484
Zambia,ZMB,2003,0.00595
Zambia,ZMB,2004,0.00649
Zambia,ZMB,2005,0.0108
Zambia,ZMB,2006,0.01113
Zambia,ZMB,2007,0.01453
Zambia,ZMB,2008,0.01358
Zambia,ZMB,2009,0.01212
Zambia,ZMB,2010,0.01005
Zambia,ZMB,2011,0.01072
Zambia,ZMB,2012,0.01498
Zambia,ZMB,2013,0.02631
Zambia,ZMB,2014,0.03847
Zambia,ZMB,2015,0.04767
Zambia,ZMB,2016,0.05136
Zambia,ZMB,2017,0.04874
Zambia,ZMB,2018,0.04419
Zambia,ZMB,2019,0.04419
Zambia,ZMB,2020,0.03148
Zimbabwe,ZWE,1961,0.04
Zimbabwe,ZWE,1962,0.02
Zimbabwe,ZWE,1963,0.05
Zimbabwe,ZWE,1964,0.04
Zimbabwe,ZWE,1965,0.04
Zimbabwe,ZWE,1966,0.01
Zimbabwe,ZWE,1967,0
Zimbabwe,ZWE,1968,0
Zimbabwe,ZWE,1969,0
Zimbabwe,ZWE,1970,0
Zimbabwe,ZWE,1971,0
Zimbabwe,ZWE,1972,0
Zimbabwe,ZWE,1973,0
Zimbabwe,ZWE,1974,0
Zimbabwe,ZWE,1975,0.02
Zimbabwe,ZWE,1976,0.02
Zimbabwe,ZWE,1977,0.02
Zimbabwe,ZWE,1978,0.03
Zimbabwe,ZWE,1979,0.04
Zimbabwe,ZWE,1980,0.05
Zimbabwe,ZWE,1981,0.06
Zimbabwe,ZWE,1982,0.05
Zimbabwe,ZWE,1983,0.05
Zimbabwe,ZWE,1984,0.05
Zimbabwe,ZWE,1985,0.04
Zimbabwe,ZWE,1986,0.04
Zimbabwe,ZWE,1987,0.03
Zimbabwe,ZWE,1988,0.03
Zimbabwe,ZWE,1989,0.03
Zimbabwe,ZWE,1990,0.02
Zimbabwe,ZWE,1991,0.03
Zimbabwe,ZWE,1992,0.03
Zimbabwe,ZWE,1993,0.03
Zimbabwe,ZWE,1994,0.04
Zimbabwe,ZWE,1995,0.05
Zimbabwe,ZWE,1996,0.05
Zimbabwe,ZWE,1997,0.05
Zimbabwe,ZWE,1998,0.04
Zimbabwe,ZWE,1999,0.04
Zimbabwe,ZWE,2000,0.03694
Zimbabwe,ZWE,2001,0.03694
Zimbabwe,ZWE,2002,0.03845
Zimbabwe,ZWE,2003,0.03711
Zimbabwe,ZWE,2004,0.03746
Zimbabwe,ZWE,2005,0.04113
Zimbabwe,ZWE,2006,0.04755
Zimbabwe,ZWE,2007,0.0549
Zimbabwe,ZWE,2008,0.06045
Zimbabwe,ZWE,2009,0.06375
Zimbabwe,ZWE,2010,0.06149
Zimbabwe,ZWE,2011,0.05808
Zimbabwe,ZWE,2012,0.05729
Zimbabwe,ZWE,2013,0.06012
Zimbabwe,ZWE,2014,0.06538
Zimbabwe,ZWE,2015,0.06606
Zimbabwe,ZWE,2016,0.06171
Zimbabwe,ZWE,2017,0.05579
Zimbabwe,ZWE,2018,0.05146
Zimbabwe,ZWE,2019,0.05146
Zimbabwe,ZWE,2020,0.03058